,NGamma,MGamma,TGamma,NTheta,MTheta,TTheta,NSigma,MSigma,TSigma
0,39,1,0.032750795744783553,25,1,0.07271733121239339,1,0,2.798857606351841
1,63,1,0.014879598928246317,7,3,0.30017881865809953,1,0,8.59388633584566
2,7,1,0.2199297132118369,2,0,1.1392440952380265,1,0,8.604256596906042
3,78,1,0.0038827689994404366,10,4,0.14880033262205483,1,0,14.7434205953373
4,92,1,0.0021779731203863065,11,4,0.20170265436611468,1,0,2.9799862074041163
5,44,1,0.022167167324756633,3,2,0.4509446295227903,1,0,15.575440796359148
6,92,1,0.002129118889390252,10,4,0.18210320989673098,1,0,8.473141889114041
7,27,1,0.05499292250961317,5,2,0.3942724440361729,1,0,10.549462796984342
8,72,1,0.005411798921853939,4,1,0.4350232630958196,1,0,1.8376822897432892
9,96,1,0.0012950577714657765,46,3,0.02438483104683849,1,0,7.31382704958225
10,59,1,0.013343999672217161,4,6,0.7909710057599211,1,0,9.447224497424287
11,47,1,0.021236480752644418,8,3,0.38733321621711414,1,0,6.7307408889473574
12,40,1,0.024899702542201106,13,2,0.16095784780452999,1,0,6.191071777821618
13,55,1,0.0149821223395593,10,4,0.1592425314302954,1,0,6.870148614836262
14,58,1,0.014104998633781849,32,1,0.037157661753715356,1,0,9.317792057849134
15,80,1,0.005492529324107109,11,2,0.1879627359346232,1,0,11.899868219213921
16,65,1,0.009296996386808486,8,4,0.21501553056856226,1,0,6.426286922875823
17,54,1,0.011919128321712045,18,3,0.09744615291208253,1,0,5.4683908778038095
18,21,1,0.07665991148439996,15,1,0.1278126577976642,1,0,6.362590874247359
19,93,1,0.0009170133585558122,28,4,0.05706961680877699,1,0,9.669640028842343
20,19,1,0.07648374522520728,4,2,0.6060460803867425,1,0,11.680315108082205
21,84,1,0.003647067551756674,3,3,0.44606133892101274,1,0,5.420688267624977
22,87,1,0.0038050467640377804,8,6,0.2532582279150885,1,0,7.550098441373315
23,74,1,0.005749680504243879,19,1,0.09610894712348925,1,0,2.842940532368505
24,61,1,0.01306081637080167,11,3,0.14711552288909724,1,0,17.578863121887128
25,65,1,0.010845639175988265,5,4,0.5385505670445073,1,0,20.094054437595723
26,43,1,0.021442014856086766,2,4,1.0012591735272989,1,0,4.086197642462137
27,5,1,0.23764929562734347,5,0,0.2793792874751019,1,0,15.757945233831872
28,99,1,3.3251763182930356e-05,22,6,0.07609711126707866,1,0,9.168984018252406
29,87,1,0.003279117506147296,10,2,0.17592070863318543,1,0,13.77684234368159
30,53,1,0.021069966638303912,9,4,0.25926980777809017,1,0,4.4680021292183
31,47,1,0.024926770699089003,15,4,0.13277113748393604,1,0,11.004632918949982
32,26,1,0.04528546605098207,19,1,0.05983914945282487,1,0,3.5137716056319532
33,30,1,0.036405300149613136,7,2,0.39992617894185106,1,0,17.538535302024936
34,52,1,0.017487508752959072,13,4,0.14485997057988773,1,0,5.070702375028217
35,89,1,0.0025367203959307267,3,6,0.4887489114616612,1,0,23.000076447835912
36,96,1,0.0007483691002290392,6,5,0.35693417045965736,1,0,13.587991723272816
37,82,1,0.0053472120916829334,8,6,0.3545034527954605,1,0,10.196100347639936
38,45,1,0.023398737442297052,13,4,0.16298836777209236,1,0,11.702888294159386
39,37,1,0.030540571548455894,2,6,0.8100795413600812,1,0,11.367787539092948
40,51,1,0.01976539236275946,7,0,0.20523056485475602,1,0,11.920369476109911
41,84,1,0.004420489573209774,12,2,0.15628945980823103,1,0,5.6110725222400015
42,95,1,0.0016890407193929792,9,4,0.24639924814034642,1,0,5.488780994794711
43,88,1,0.0022269462057021385,8,6,0.25730137723705937,1,0,17.449388900977393
44,97,1,0.0007070027479621631,2,3,0.8867746387797283,1,0,6.510079617211142
45,81,1,0.0052781153360808315,6,8,0.38570704436688047,1,0,3.608064297060392
46,97,1,0.0003486130726336786,11,4,0.18295057118061706,1,0,10.588654549965518
47,41,1,0.024189151032498354,19,1,0.13684394113733803,1,0,9.787537007543575
48,76,1,0.005839087039009792,5,5,0.4911914692710615,1,0,10.268624297471742
49,44,1,0.020274285795035776,6,2,0.3929220094181548,1,0,3.3630070925017925
50,54,1,0.016942060265410622,9,4,0.2947231278400279,1,0,4.004607935047938
51,69,1,0.00923976924320218,12,3,0.17227677823843715,1,0,17.64748028369305
52,94,1,0.0013299504574446571,12,3,0.22463850246041803,1,0,17.917352592225296
53,96,1,0.000666775366216323,26,2,0.055241052952536215,1,0,5.696894111448292
54,60,1,0.014783269697344548,37,1,0.033134520386676775,1,0,5.270281883518066
55,93,1,0.0015908978193143882,10,4,0.17685502879068557,1,0,3.8175602281731167
56,66,1,0.008240856171091725,21,1,0.08167195372336601,1,0,8.746958925918406
57,32,1,0.03785242266929486,10,1,0.1945460500418429,1,0,11.54090622899435
58,78,1,0.004631514317186448,7,7,0.31137764631959863,1,0,6.725821837012084
59,95,1,0.0015057661925099732,17,2,0.11126986917236943,1,0,4.764354233819859
60,36,1,0.037430930722611916,5,2,0.46773636070824154,1,0,27.216928159399565
61,61,1,0.012808132774522186,8,3,0.2765993875949379,1,0,14.693564534388807
62,68,1,0.011307064074183384,4,4,0.5459302715367583,1,0,10.16533413320796
63,71,1,0.006110822782731616,1,4,1.2619769297495493,1,0,11.92665104283655
64,84,1,0.005070474178438763,12,6,0.13407778326993283,1,0,12.180913933490936
65,97,1,0.0003897562609662674,14,2,0.13742029060181893,1,0,7.124755894448092
66,43,1,0.025908368190619285,6,3,0.44627423443991315,1,0,10.132303131719876
67,30,1,0.05475080252848487,11,2,0.21003728531699964,1,0,20.20526328992867
68,51,1,0.016498678268771064,5,3,0.407929787701453,1,0,6.062946538950849
69,48,1,0.020523572904661037,17,2,0.09709041519604825,1,0,11.67116045480323
70,47,1,0.020583722263770213,42,1,0.02655405166178759,1,0,8.15486123480926
71,26,1,0.05377520363303184,11,2,0.18874559976751643,1,0,4.917499653289707
72,23,1,0.06893708156286522,11,1,0.12969339930815352,1,0,8.065431167290392
73,56,1,0.014898784623608786,11,5,0.11448521276581516,1,0,43.84242729916898
74,58,1,0.011963084280372255,6,3,0.28870091780731744,1,0,8.706947394570825
75,95,1,0.0007213633767123999,21,3,0.07211330333533905,1,0,10.192116208232253
76,72,1,0.00792124607013209,12,6,0.17522270550056507,1,0,9.223682255646063
77,84,1,0.0035450659073781366,31,5,0.04721558666318813,1,0,16.019715717989325
78,74,1,0.005721507702672697,9,3,0.2454936094588096,1,0,5.2984719376086735
79,82,1,0.006797902628426471,15,5,0.10094443386323254,1,0,12.575430307398571
80,58,1,0.01406432169265896,17,4,0.1123897533110448,1,0,8.002313369224305
81,72,1,0.005671457596562359,4,4,0.4959183238549344,1,0,13.43050313032457
82,51,1,0.019083875926218477,2,4,0.9202729195175214,1,0,10.136541614698444
83,80,1,0.006408716467843308,14,5,0.1455706178222653,1,0,7.46006457950141
84,94,1,0.0027128971490925705,11,2,0.18345828511164763,1,0,8.390528761110243
85,30,1,0.05098382074106336,6,1,0.504607237865327,1,0,8.473499656350736
86,99,1,0.0004390842540976883,8,3,0.23680903869662007,1,0,7.312778218384897
87,90,1,0.0021962928827647683,38,3,0.037658319817935264,1,0,27.093839107552643
88,50,1,0.019162250682608975,23,1,0.06653414336509404,1,0,5.79338172743235
89,29,1,0.04733012612476828,2,5,0.944030941095695,1,0,7.952268969406161
90,40,1,0.024025372076560105,9,1,0.26520049868086115,1,0,5.801470288013385
91,44,1,0.02380429068753186,4,4,0.589863932041028,1,0,14.169181078617221
92,90,1,0.002767135210364086,5,4,0.38285788183306224,1,0,12.517973076885356
93,56,1,0.01430042817202492,5,4,0.4648408296349026,1,0,15.288182600226348
94,81,1,0.003822257349812633,7,5,0.2099212447593456,1,0,10.866069423777612
95,95,1,0.0011206393753668887,13,1,0.16056631039252203,1,0,7.060658407069377
96,39,1,0.027859897948241657,6,5,0.26231114403077616,1,0,3.674038477812614
97,65,1,0.01095773997766676,15,4,0.15244111321175072,1,0,21.421523717506872
98,93,1,0.0020653462334535616,12,6,0.14357802020672206,1,0,5.898730007563998
99,95,1,0.0007871043934719077,94,1,0.0013450515319652692,1,0,8.08619698286518
100,41,1,0.027629427271808636,3,1,0.8033203798647759,1,0,5.138006609976515
101,49,1,0.019187429908026733,31,1,0.048559781613834625,1,0,30.878599321328572
102,63,1,0.011217904378824669,9,2,0.25746242288450005,1,0,9.502603845137106
103,76,1,0.005119629820876346,3,5,0.6787026709985652,1,0,20.741937033503767
104,66,1,0.008656800915715874,31,1,0.05755061223280722,1,0,12.403916062850993
105,59,1,0.013536196021256065,10,3,0.18813603372106066,1,0,9.575392062023443
106,30,1,0.048994829172623995,4,3,0.3158708312273413,1,0,10.40577316358558
107,56,1,0.017215710151740886,19,1,0.06543865651375451,1,0,9.44122115661764
108,37,1,0.03591631803893189,11,4,0.25428727981415744,1,0,4.837163134639673
109,87,1,0.003911522595140518,7,5,0.2244663284995756,1,0,8.602191319846181
110,71,1,0.009505076762547584,6,8,0.31707033011431207,1,0,9.497906676120296
111,64,1,0.008521023601399046,8,3,0.14667240425740383,1,0,2.9690731998799866
112,71,1,0.006432955579345901,26,4,0.0684634175438695,1,0,8.289642938517263
113,73,1,0.008759023248806192,13,4,0.14963018227594752,1,0,16.70194049111618
114,82,1,0.0025699865358129767,15,2,0.11275761243069764,1,0,4.432619930280422
115,49,1,0.017975798359871207,10,6,0.15487949117391858,1,0,6.3395371646631276
116,91,1,0.002674376644362652,7,0,0.22102919725412534,1,0,12.710039330833252
117,98,1,0.00045036665049807696,38,3,0.037289628850615784,1,0,8.283462586256965
118,97,1,0.0002007831587836962,6,4,0.30562859778360335,1,0,7.385868633384805
119,28,1,0.04075160317640036,4,4,0.35631462678536524,1,0,3.3045182870410637
120,85,1,0.003069340449149587,61,1,0.012000132678908908,1,0,12.939414281497656
121,58,1,0.011566484788176555,8,3,0.20203914725876013,1,0,11.361413674022163
122,59,1,0.014322372026781008,42,0,0.02990412487749556,1,0,13.317526569317938
123,98,1,0.00038934546460882725,9,5,0.19040837576939335,1,0,3.3524683969705498
124,34,1,0.031436772993398,6,2,0.3404175686058407,1,0,9.112939427409795
125,32,1,0.04173414748128026,7,2,0.22597353517166485,1,0,2.412343480928337
126,27,1,0.051408898051211314,7,3,0.25540936768894695,1,0,8.467343223744022
127,96,1,0.00035368092661330235,16,5,0.10523057490447671,1,0,5.611762601538683
128,94,1,0.002015066329578958,32,1,0.046340308131469166,1,0,6.769086623059726
129,90,1,0.002748252702501984,15,2,0.15454200077337948,1,0,14.2177306469163
130,95,1,0.00039333143074115414,9,8,0.2676335741447369,1,0,9.411261238464972
131,81,1,0.004642936366504359,6,9,0.20056120713846645,1,0,10.694029240759637
132,74,1,0.0049398357579132305,43,2,0.026845854157013415,1,0,11.835893619486843
133,49,1,0.02228452676222832,23,1,0.0688264823592413,1,0,3.7382683205472573
134,96,1,0.0014627146528555012,17,4,0.11347407822626071,1,0,6.258957167082118
135,57,1,0.013803259524832207,13,3,0.1578900414310134,1,0,6.018297621573958
136,52,1,0.018056237321651743,27,2,0.06583378269814238,1,0,6.822778973185342
137,48,1,0.01887469803998779,10,4,0.2063178270481557,1,0,11.988109668602592
138,88,1,0.002672905307682637,5,2,0.8809285961652844,1,0,4.4112910035693815
139,98,1,0.0012437971158633027,10,4,0.20986528179694372,1,0,3.3121989243498406
140,44,1,0.01882200803394299,5,5,0.43504797652135463,1,0,5.389155154753871
141,75,1,0.006367456043254561,16,1,0.12216751648729282,1,0,7.041633879205101
142,74,1,0.007219027882563541,6,4,0.3990449767496458,1,0,1.7041880038792176
143,86,1,0.0029619941607005084,5,3,0.2907818166872684,1,0,6.574602620506704
144,44,1,0.026908155288123684,4,1,0.8681899575638303,1,0,12.686213666585225
145,66,1,0.011166335326763324,8,2,0.25087175762135777,1,0,9.946304179513021
146,25,1,0.04362405203692645,4,4,0.3207103736781148,1,0,12.426783058592786
147,89,1,0.0023214521399094225,25,3,0.06250689536818496,1,0,31.77605152424932
148,59,1,0.013398154938769433,5,3,0.5896498469136904,1,0,5.001841167562352
149,70,1,0.00864767241277383,13,3,0.15847709811042462,1,0,5.747068996454153
150,56,1,0.018749256491623126,19,2,0.09859231705981569,1,0,11.576389534140812
151,90,1,0.002129761539865372,9,3,0.24364446012922192,1,0,14.851756000627576
152,37,1,0.022549418777966276,7,2,0.29362365167352816,1,0,29.306082547871462
153,65,1,0.008545816896087018,35,1,0.0300670395191641,1,0,22.97707701507385
154,90,1,0.0024966743735184514,9,7,0.21922302393364893,1,0,6.392416252153554
155,51,1,0.015219071401976285,5,4,0.6235454211168538,1,0,10.82018087379921
156,94,1,0.000899528409030145,37,1,0.025481802111795106,1,0,7.139246664433527
157,79,1,0.004909220233870334,21,3,0.07907403075396018,1,0,2.5290192079836897
158,97,1,0.0007002541866096561,12,3,0.13068922253223653,1,0,11.790998614196917
159,88,1,0.001020391629711804,9,5,0.23012155615324803,1,0,8.064567845584964
160,40,1,0.03707115686855757,28,1,0.05986882868835387,1,0,9.061493171485482
161,97,1,0.0006546428374460208,4,9,0.3781184412594203,1,0,4.169090480549883
162,57,1,0.015629906642206527,25,4,0.06360349579333409,1,0,14.014239360256246
163,49,1,0.018918502345771714,20,1,0.0947231845120274,1,0,8.197374106440853
164,68,1,0.011241691999818228,7,8,0.30005794923403034,1,0,25.2400178689551
165,1,1,1.46376941819017,2,0,2.1101571359978872,1,0,2.1225977693085
166,95,1,0.0006271534819685515,8,2,0.22817827363121107,1,0,5.783579227532603
167,60,1,0.009970239725280357,3,5,0.4691951440932178,1,0,17.212631092595224
168,69,1,0.007604598111822085,22,4,0.09349129142808447,1,0,12.698267507785028
169,92,1,0.0009040434412519406,14,6,0.19252163548333154,1,0,7.6506548350598935
170,73,1,0.00721183490398873,5,7,0.34155986232403446,1,0,10.992231201840179
171,63,1,0.014172388365014782,12,1,0.19451982308910512,1,0,2.4162886634473564
172,41,1,0.024211461442092925,3,1,0.5774054677178382,1,0,2.3450487925989623
173,18,1,0.07564724281819643,7,3,0.3199976238080103,1,0,8.375248397001165
174,40,1,0.029552010212008966,7,6,0.3451050103436017,1,0,18.450310671069822
175,30,1,0.046337268278860956,3,4,0.5137357562586928,1,0,4.345276533985394
176,68,1,0.00739221195278983,7,4,0.257407720554261,1,0,15.893902472516627
177,69,1,0.008132605563038539,19,1,0.08179967041674777,1,0,2.3327489595229682
178,92,1,0.0011563607179019388,31,4,0.04879785610480422,1,0,18.55598755818246
179,48,1,0.02170697438087963,11,3,0.21560657939844283,1,0,3.4108408612203864
180,73,1,0.007529066912027267,19,4,0.13821644544726305,1,0,12.184332140568028
181,38,1,0.027073194191771184,6,7,0.22890887282881475,1,0,11.071531817642896
182,68,1,0.010503572231990561,3,5,0.43645919856513027,1,0,9.446139345440212
183,84,1,0.0029281110499401997,7,5,0.19148900156290136,1,0,9.311285245629527
184,86,1,0.0038557246404547552,5,4,0.4902572017949423,1,0,9.726299114649612
185,14,1,0.1559695572186387,10,1,0.20284632842756622,1,0,34.457226905984555
186,94,1,0.0011122159416156942,14,5,0.13240968231412087,1,0,16.631280034348475
187,70,1,0.007663032285198585,14,6,0.10620373984612781,1,0,6.73166173177499
188,59,1,0.013782970683393462,5,6,0.3853068405789879,1,0,12.779652502508881
189,22,1,0.09726835890436869,9,1,0.1999167844291754,1,0,4.654506626355498
190,40,1,0.027642313021330255,5,9,0.4148807490054658,1,0,20.33134783801192
191,48,1,0.020387307766398712,11,3,0.1618210213782215,1,0,12.052625732786325
192,19,1,0.09093969178830227,3,2,0.9542432401092531,1,0,8.081195719045525
193,79,1,0.005445668617059209,30,2,0.059210384310128004,1,0,12.364557660173958
194,87,1,0.002352640920202185,13,6,0.157836567635097,1,0,11.628731970130092
195,44,1,0.0201493818619996,11,3,0.15529035993194618,1,0,11.081029593480697
196,86,1,0.00308928440121815,62,4,0.013733274530646093,1,0,4.187870399326924
197,56,1,0.0133927307313369,4,6,0.4805237341107118,1,0,10.107515130302492
198,86,1,0.0038514907497280643,8,4,0.28080944960171095,1,0,6.775903619386488
199,51,1,0.016241623346370276,7,1,0.28132526429858495,1,0,17.12966185611988
200,49,1,0.01760409135342683,4,8,0.4298049759458475,1,0,5.626078133150881
201,81,1,0.004468635438619273,8,4,0.27715396489716615,1,0,7.621680507199313
202,27,1,0.04568385201921837,9,5,0.2662726255470182,1,0,24.76442308366306
203,68,1,0.01261899488751196,12,2,0.18273930959950324,1,0,9.91802316025758
204,96,1,0.00023728842374378452,7,2,0.4341021065782573,1,0,4.8408730211035635
205,69,1,0.008533343385009244,4,4,0.45080668792865297,1,0,19.01997607129702
206,46,1,0.02253403734271166,23,1,0.0771669476290653,1,0,8.730316096261243
207,62,1,0.01046713129427186,8,7,0.2006697141171373,1,0,25.008733646514006
208,93,1,0.0019455121900575421,6,8,0.30078170615907185,1,0,11.01344519709875
209,42,1,0.026212511771041135,5,4,0.3560360419897432,1,0,9.813812280146315
210,96,1,0.0002992455029278913,28,2,0.0653436266435318,1,0,6.535443172918169
211,94,1,0.0015364433112244036,17,2,0.08747614151551933,1,0,4.462353058136787
212,99,1,0.000643008026629341,11,5,0.19525553494913192,1,0,14.36217787176223
213,95,1,0.0009479496657354594,6,6,0.3707463013126882,1,0,13.048510625356583
214,90,1,0.001477476330324668,8,3,0.22200386385948237,1,0,8.814527072165063
215,89,1,0.0019738894838404403,8,7,0.24572068353528698,1,0,7.773596696458048
216,88,1,0.0017944929010527476,10,3,0.23393453996830926,1,0,11.86707985802851
217,54,1,0.014063103113156663,38,1,0.03515312973184747,1,0,10.708005290235176
218,54,1,0.014787851776615391,6,5,0.22475531670952514,1,0,7.7122022236730245
219,84,1,0.0029140191042224504,18,4,0.09799865750322594,1,0,9.07369208382325
220,91,1,0.0024122760326556227,62,1,0.013716093888069882,1,0,3.545152313495235
221,99,1,1.7678666228429493e-05,23,6,0.08136349086717864,1,0,13.471091175988967
222,47,1,0.019746651095416057,16,4,0.09780483447303037,1,0,3.399720595324001
223,87,1,0.0028666765847758834,13,1,0.12122674846817186,1,0,15.484601794760612
224,90,1,0.0022586757238791453,3,6,0.40982081729908204,1,0,9.168549278160626
225,35,1,0.03780967210341737,6,2,0.5680866572639102,1,0,11.32042851282142
226,32,1,0.051675870373114254,4,4,0.45756742819583496,1,0,13.822721119406511
227,93,1,0.0009494154824854358,16,5,0.09961969603828034,1,0,14.221239942945884
228,25,1,0.05091945790771459,5,4,0.3659110452535076,1,0,13.898180207847425
229,89,1,0.0033172475899628383,10,5,0.17797933582039757,1,0,11.200926700344187
230,73,1,0.008183621166927458,4,5,0.28430676975772523,1,0,18.784233494377784
231,84,1,0.004911838356376566,6,4,0.4743227482018103,1,0,10.20770020714177
232,73,1,0.006283818874763752,12,6,0.16681722747164301,1,0,7.123475957271855
233,96,1,0.00048527080195160657,27,7,0.06227977089653844,1,0,13.092776800054923
234,68,1,0.009594419206144691,4,5,0.4288804119543946,1,0,15.744416342556258
235,29,1,0.06569784706990581,25,0,0.08565058574865139,1,0,12.76009775587167
236,80,1,0.00393049949654788,21,1,0.08639081873327054,1,0,5.973398288497496
237,93,1,0.0015453455248846686,5,4,0.6458971029262391,1,0,5.688287579491641
238,81,1,0.006227932515151189,12,4,0.16361715209315736,1,0,6.097761330640252
239,77,1,0.00724692682290186,6,5,0.32274018191367676,1,0,7.389330342146153
240,76,1,0.006111882307285116,5,7,0.33191653740534977,1,0,8.249322849599183
241,65,1,0.011252808239028387,7,7,0.22836048768360512,1,0,8.949772713389763
242,73,1,0.00822382002176877,3,8,0.5975746975569535,1,0,8.073486871408502
243,3,1,0.2604733128865866,3,0,0.44938933234616524,1,0,4.041109863498379
244,33,1,0.03874265093607513,3,2,0.6231277744655759,1,0,4.088653611420488
245,47,1,0.02266333832461493,14,0,0.12894791838549718,1,0,4.243154828152476
246,59,1,0.012286311476743762,31,0,0.0368467743638188,1,0,20.9831691345607
247,99,1,0.00011505619310028925,28,3,0.06554333080258229,1,0,15.979988267407617
248,77,1,0.006822900843396788,32,1,0.04198713179963422,1,0,9.283809346065961
249,52,1,0.014898783242871264,8,1,0.2060109231797565,1,0,22.74951702245206
250,33,1,0.034014292793257545,3,4,0.5627791711871473,1,0,9.267725261823156
251,90,1,0.0015075636171852176,39,0,0.03873243866703304,1,0,15.499044322496417
252,39,1,0.028402431677051428,16,2,0.07189976776390042,1,0,27.587386855018174
253,65,1,0.012513848830199034,5,6,0.4914317104790074,1,0,6.298364725263102
254,68,1,0.005348791441735054,24,4,0.07257634589547346,1,0,3.396417542453513
255,58,1,0.013616360954643577,6,5,0.28114555089694593,1,0,6.382467140506468
256,24,1,0.06664367568822882,8,2,0.23420749397760118,1,0,9.00830490504369
257,63,1,0.014721284590505965,6,5,0.43874193568629205,1,0,11.883367940958685
258,60,1,0.013756200058560635,3,5,0.9781649975699067,1,0,12.28208120529431
259,56,1,0.013172646724488082,17,1,0.09887445719407689,1,0,10.102082303248329
260,73,1,0.00647599536408256,3,5,0.5869407596879919,1,0,10.075469962301435
261,78,1,0.0037047817764784543,30,2,0.04398870952750145,1,0,18.341951725769185
262,92,1,0.0014714095276011257,17,4,0.13157883732551823,1,0,3.2266590038101315
263,17,1,0.0942935105910343,18,0,0.09925353763525342,1,0,3.593969220346539
264,71,1,0.0075737547987791976,5,4,0.2844906735534868,1,0,5.275664432247748
265,66,1,0.00858457824660852,24,3,0.05395868639860393,1,0,23.285323908373627
266,86,1,0.002449661593267163,33,4,0.047396424480323815,1,0,5.477832932370697
267,35,1,0.03317986526788594,10,1,0.21666886783607744,1,0,16.073579565769496
268,94,1,0.0008238994812997976,22,4,0.07333342653100497,1,0,5.914459923311595
269,48,1,0.02549385514400269,9,3,0.19488599557111105,1,0,20.165920541650628
270,78,1,0.0053772270982429095,6,7,0.21689494914863688,1,0,11.083227794519543
271,77,1,0.005992840240971375,17,3,0.11157939733103481,1,0,7.310129758896244
272,89,1,0.002371782203198247,16,5,0.13962322024791746,1,0,2.198182147143234
273,86,1,0.0018358503099508232,7,3,0.21768361411796724,1,0,7.943306805451553
274,85,1,0.0032136187190086487,3,2,0.6893754465112111,1,0,3.214559068822231
275,92,1,0.0016397265822553843,10,6,0.24933819478316036,1,0,5.396135727648439
276,82,1,0.0037613806418272835,3,8,0.6406362523294094,1,0,15.054306563135789
277,45,1,0.020472852721414834,1,7,0.6165543730488393,1,0,5.205277069286454
278,96,1,0.0009254383078294002,8,4,0.2512566710138055,1,0,25.629830101234123
279,69,1,0.008523065939706982,6,4,0.4069827126716334,1,0,5.54024055665124
280,72,1,0.005438463852006327,4,8,0.5447641273617222,1,0,12.737631982923217
281,16,1,0.12831392900554603,8,3,0.38676168753427065,1,0,12.943192461890755
282,84,1,0.005294448854219236,8,4,0.23094646895456636,1,0,27.464655783260937
283,24,1,0.058146386122934324,14,2,0.10474308653836188,1,0,12.645623397205846
284,86,1,0.002439697654877086,9,4,0.15527371843518975,1,0,21.786686569565866
285,88,1,0.0017100823512578556,17,7,0.0741479389215431,1,0,12.597072320309573
286,56,1,0.012448510279678355,16,8,0.10240480238663957,1,0,8.524762979184402
287,65,1,0.009779750600785892,15,7,0.12165831441730161,1,0,6.500792699324201
288,56,1,0.015467329067402922,8,6,0.19088075007316166,1,0,6.5773897602589315
289,95,1,0.002049245580814495,16,2,0.08241709085398345,1,0,1.8578731905328192
290,97,1,0.00028796309574289714,13,5,0.13516239339579683,1,0,31.43844098578969
291,61,1,0.011402315624194442,28,4,0.04650811805143225,1,0,31.516012049098375
292,61,1,0.011607708527559268,4,5,0.36642084181608536,1,0,14.240139070200186
293,48,1,0.01940172243192179,3,6,0.7666440624066442,1,0,6.082148297681141
294,69,1,0.007107504808252549,9,6,0.23034478280586507,1,0,9.158109274641205
295,51,1,0.023807531313038047,10,5,0.15402158707917235,1,0,10.394224417298277
296,47,1,0.022297874569538155,10,8,0.19068764863139787,1,0,5.58450180299279
297,89,1,0.002462850783291474,8,3,0.27555565822488326,1,0,7.62989902238052
298,50,1,0.02243957229075785,6,2,0.22660336672817077,1,0,2.906467215909609
299,80,1,0.0032930227441811833,6,5,0.23402476426699065,1,0,19.895493431992715
300,66,1,0.011098508130600798,2,2,0.5439372360636858,1,0,2.011340545586736
301,76,1,0.0038286164639248525,11,3,0.15742601820041585,1,0,6.79113466218338
302,73,1,0.008121409482884676,12,2,0.15639133933852517,1,0,9.348242546246722
303,94,1,0.001833940462992965,11,5,0.17411757429461924,1,0,17.229786223157962
304,62,1,0.012172986703227315,6,2,0.3693518889641217,1,0,6.545164749403564
305,59,1,0.01467776107681949,28,1,0.060609638193957156,1,0,3.3897971146635113
306,56,1,0.020834750477727208,29,3,0.056197079716047135,1,0,9.950228446423175
307,56,1,0.016258984836286454,7,7,0.3376524797211333,1,0,9.80584010659061
308,91,1,0.002708866356106252,28,2,0.05376544360633861,1,0,16.60924841184929
309,98,1,0.00024443168265978084,23,4,0.09458989893122323,1,0,6.262483482851481
310,87,1,0.003948392533255777,7,11,0.187093102316449,1,0,7.219571201591242
311,84,1,0.0031856501947264545,3,8,0.38531298628725347,1,0,15.770424671972311
312,98,1,0.00038636994867225107,25,6,0.06357763996459606,1,0,16.591984870996118
313,47,1,0.022144890549333184,14,3,0.15806338066975886,1,0,12.498609613787103
314,94,1,0.001314818549557743,4,7,0.34525681564931665,1,0,5.2104713918628525
315,75,1,0.007946359696851191,6,4,0.2014552468346576,1,0,9.112054255110095
316,94,1,0.0006084782627792863,40,1,0.03504166053305384,1,0,39.73406856096922
317,99,1,0.00028375052058986444,3,3,0.9031605110426211,1,0,10.69332755481133
318,58,1,0.011022289271660391,8,6,0.1998623841457434,1,0,5.241922651077776
319,45,1,0.020163895499892413,11,3,0.1301865925329077,1,0,8.226201601753884
320,26,1,0.054292965377442826,13,3,0.11949776760982564,1,0,42.09516785224103
321,66,1,0.008716761266474603,4,5,0.4808553159812217,1,0,15.388272900937313
322,64,1,0.011872014735868193,10,5,0.2081583503056294,1,0,20.60909375395476
323,84,1,0.0036090400705686364,16,4,0.08630536636837932,1,0,7.780610966680628
324,62,1,0.014268243611201636,5,8,0.3461426565316347,1,0,11.831112695094859
325,61,1,0.01787312153404541,37,0,0.04504469205874843,1,0,2.169349682610155
326,48,1,0.025378866748658573,19,1,0.10016392383067624,1,0,16.828343383050424
327,69,1,0.007929179824951756,13,4,0.2084935294860223,1,0,8.453520766798203
328,78,1,0.004260860078262636,7,5,0.21384816579122032,1,0,5.140194053830241
329,23,1,0.0491992308883919,5,5,0.46663416989507683,1,0,14.088314250283245
330,89,1,0.0036951874087023787,15,6,0.09812891120407599,1,0,16.03685848980106
331,97,1,0.00021263527840763958,7,6,0.28465156083217574,1,0,2.817628466639734
332,90,1,0.0015191308779843485,13,4,0.18269530102863202,1,0,2.8602874917667025
333,92,1,0.0009297357019830602,8,7,0.2656191096466961,1,0,13.184784534311946
334,44,1,0.02254043396131144,5,5,0.4077173692104808,1,0,6.493080593614166
335,82,1,0.0035174042513263456,24,7,0.07966091761628243,1,0,7.650545343617374
336,97,1,0.0008970673495313397,19,3,0.08261340876298656,1,0,5.502063240442778
337,91,1,0.0012955122550920694,3,4,0.7729677744323379,1,0,13.04955736610855
338,30,1,0.04876678143382876,5,6,0.27571688470648914,1,0,12.183310260394471
339,50,1,0.020213450776564765,13,1,0.1850995756484813,1,0,4.040268543738257
340,84,1,0.0038307312182498097,7,5,0.26641791551914307,1,0,16.000907719699686
341,61,1,0.015950433763361426,43,2,0.03192296098408235,1,0,12.759700146073383
342,93,1,0.0007615606105754628,5,6,0.32933038862448644,1,0,9.582021456039849
343,86,1,0.003350847404773054,31,4,0.04088581640679317,1,0,4.5424696273310605
344,33,1,0.039419502574678036,9,4,0.2652762317007139,1,0,3.25326229885854
345,86,1,0.002372049440910412,8,4,0.2504216049085042,1,0,10.635500058750736
346,87,1,0.003682816026469332,8,4,0.24689682855373912,1,0,6.364380311731344
347,39,1,0.030267319423749505,4,7,0.4969311620309594,1,0,3.600184194051295
348,91,1,0.00327803731679283,15,2,0.11748389269514246,1,0,17.25356411238661
349,59,1,0.015606003986069586,34,1,0.05176228633610725,1,0,8.846358297554392
350,51,1,0.022162537646764006,3,7,0.4262891085683405,1,0,24.7520294876964
351,46,1,0.020145360514098137,5,2,0.5140657925516623,1,0,1.8956378610704083
352,7,1,0.3200152158806732,8,0,0.3275055616255285,1,0,11.601170159172426
353,33,1,0.0479311450746049,5,6,0.4123408741591077,1,0,5.207776832136534
354,86,1,0.005662752075027979,27,1,0.06878559118127298,1,0,8.306833357537709
355,25,1,0.06504904530808021,3,4,0.6524454584972464,1,0,10.069013631161168
356,91,1,0.0015046915285369868,5,2,0.43322044985140606,1,0,15.48676618299488
357,31,1,0.0402407546232586,5,4,0.2743703714124995,1,0,15.49635762869725
358,57,1,0.017278265233505178,7,3,0.31026725234822,1,0,5.11548035827399
359,65,1,0.013959179183754087,8,4,0.20553744746047922,1,0,11.651124455362778
360,44,1,0.025227295054829433,9,3,0.13819145078139908,1,0,11.450475618953643
361,76,1,0.005030973440950882,7,7,0.32355217425205574,1,0,8.576851185698462
362,57,1,0.013589051761490003,2,1,1.0766968383493545,1,0,6.18834768251578
363,87,1,0.006020746161312536,5,6,0.22311188675832833,1,0,9.456041259401541
364,69,1,0.01046027874980346,33,1,0.049160843109237316,1,0,4.5852708662079955
365,42,1,0.029464153471940105,11,3,0.21238672769669528,1,0,10.422541582893922
366,35,1,0.03782492397213966,10,4,0.16176965252781147,1,0,5.781654824719467
367,92,1,0.0008253162451680469,13,2,0.1592758942842605,1,0,9.228653353974838
368,82,1,0.002598313040545427,26,2,0.04636513658186815,1,0,13.68060004238463
369,50,1,0.021559567817019124,7,3,0.20257525337575857,1,0,16.15821426996103
370,58,1,0.01263243994963606,11,5,0.17799966563709593,1,0,3.231981294329034
371,28,1,0.05101430085732587,3,5,0.612794104670791,1,0,8.922851329126226
372,66,1,0.008376480407842621,6,4,0.21301912150542993,1,0,13.424102233539202
373,41,1,0.029703985361128726,6,2,0.4024066961352532,1,0,7.643284713542651
374,21,1,0.06499759036032968,3,3,1.4897009381469553,1,0,4.931709386057534
375,50,1,0.019746572458272462,5,4,0.7830057280507747,1,0,8.113408898193102
376,53,1,0.013758077454031011,8,4,0.21415552509871774,1,0,13.64189950106484
377,70,1,0.006834825292444102,4,4,0.38882698747344485,1,0,6.432438708563933
378,75,1,0.007267596287257863,4,5,0.32868210092314704,1,0,4.915555099797858
379,23,1,0.05526613073050549,2,4,0.5429313853623428,1,0,4.850660802245635
380,98,1,0.00033424996898651505,11,5,0.11779919055590174,1,0,18.00150178214197
381,42,1,0.02630873410275942,12,4,0.18213083586278567,1,0,5.15305780041588
382,42,1,0.030504080794540745,16,0,0.10036566678595817,1,0,13.450462069545425
383,58,1,0.013603845608701835,28,2,0.06017246951357385,1,0,8.20893315386183
384,93,1,0.0015405265582158249,6,4,0.2925658264345986,1,0,7.939412176373213
385,53,1,0.01289054365516385,41,1,0.022341441881927535,1,0,4.155703252680256
386,66,1,0.013325923204918915,6,4,0.4122959049082692,1,0,12.98961290085536
387,38,1,0.023437515419284113,4,5,0.41754814540125323,1,0,8.649565917763681
388,93,1,0.0014267964112425569,12,4,0.1317166455883573,1,0,9.898127318386571
389,41,1,0.025024992589120443,4,2,0.3652425508765159,1,0,3.3625997088770325
390,77,1,0.004911161103216806,7,6,0.2767007807222328,1,0,17.426445431066508
391,50,1,0.018434711311113783,12,2,0.16183981930755992,1,0,10.408770624514213
392,87,1,0.003838665861518091,8,5,0.21302848500591007,1,0,10.066842156486581
393,64,1,0.010557974661854326,11,3,0.12524303299795142,1,0,11.859200300512597
394,83,1,0.004212309461105391,3,7,0.5953945428673055,1,0,9.405533641855715
395,96,1,0.0007841272452565839,11,2,0.16057843584216192,1,0,4.408234708797287
396,88,1,0.002785019090594321,61,1,0.013176303143547605,1,0,5.357184026795046
397,70,1,0.007980821928763246,12,4,0.1448009398191488,1,0,9.534054189433519
398,39,1,0.02457380615412061,5,4,0.5004147077625692,1,0,11.719838900596104
399,89,1,0.00303203569804381,27,2,0.0700295752511577,1,0,10.196844918745544
400,87,1,0.003990211425643433,5,3,0.5435718157301829,1,0,8.16819786517692
401,82,1,0.004766963401192545,34,2,0.03962145638074117,1,0,4.152394163210538
402,64,1,0.012299168465886313,7,4,0.2556904400448638,1,0,3.847365979828103
403,72,1,0.008924390487806005,5,6,0.21156959559256683,1,0,12.344282256747764
404,76,1,0.005491266207110221,15,3,0.14581902633107752,1,0,15.830175540741825
405,85,1,0.0034144023909571516,13,6,0.14640670276577672,1,0,8.902488367027686
406,53,1,0.018498532013631736,7,1,0.37430671322796005,1,0,2.8600922322213584
407,60,1,0.014837552131759966,25,3,0.056892416661615895,1,0,7.9454622096142575
408,95,1,0.0006123449597834093,32,5,0.03908194975085974,1,0,12.091827746074332
409,72,1,0.01044755602771117,7,6,0.21141885482776437,1,0,12.597924383810055
410,34,1,0.06009268112718573,16,3,0.13154468127761418,1,0,25.256790746431463
411,86,1,0.005153289656259451,34,5,0.04315173675420065,1,0,5.982745890699603
412,56,1,0.015247146694961121,11,4,0.16450845235693595,1,0,8.18004000595116
413,64,1,0.009205470176895785,14,4,0.10735142148002011,1,0,7.871461081250486
414,95,1,0.0009323436165171796,34,2,0.03020829570174804,1,0,5.120725661044371
415,72,1,0.006300998063375999,8,3,0.204343612214651,1,0,3.059509043779486
416,81,1,0.0040278508945705595,17,2,0.11000768908391048,1,0,9.9519647229278
417,14,1,0.08846948133951324,2,3,0.5918567472068652,1,0,8.156535850948174
418,72,1,0.007738262363866007,11,3,0.13775288929085436,1,0,11.455504119221242
419,82,1,0.0034326709425097474,16,6,0.07509527679979769,1,0,10.735511903574308
420,2,1,0.8138349232451054,2,0,1.7823602424949825,1,0,4.332585854920362
421,76,1,0.005821222919089603,18,5,0.11603097274294588,1,0,8.891555801902463
422,87,1,0.00376857247441044,25,4,0.07179068761918414,1,0,17.717887947025623
423,94,1,0.0029657458615029073,23,3,0.06628419494372279,1,0,14.80940652368458
424,94,1,0.0016570896243907085,5,9,0.4827754031515751,1,0,14.196178742512918
425,57,1,0.01346415799361754,22,4,0.09044791156510479,1,0,8.440896376975566
426,68,1,0.008968810491070648,10,4,0.20093389080242766,1,0,13.689418990035822
427,89,1,0.0031653849343039023,10,6,0.23760076138098585,1,0,3.0697159402702363
428,55,1,0.01694518238397319,10,5,0.2179793448491732,1,0,15.847719203418443
429,76,1,0.007161643849957149,7,5,0.29732518863915847,1,0,3.1606093850105217
430,95,1,0.0007977374517476264,10,2,0.2114656751838366,1,0,2.675416316897227
431,72,1,0.00775196951673082,6,6,0.3651931572194351,1,0,6.961735183749034
432,75,1,0.0037354233829092185,5,4,0.6575748917073423,1,0,5.690347776113651
433,44,1,0.020302298509233686,2,1,0.6769236261045092,1,0,15.86260388496682
434,83,1,0.0037514920806253865,3,5,0.4098153048961281,1,0,10.103862628735353
435,95,1,0.0010681111601476966,6,4,0.36037121995119575,1,0,9.12953566395579
436,96,1,0.0013698669581614204,23,6,0.10763848515987964,1,0,13.603587985057098
437,99,1,0.0003171222294052979,16,5,0.09850003182335472,1,0,14.95016537467928
438,69,1,0.00953506299040835,35,2,0.04118430614568335,1,0,10.082364607919889
439,43,1,0.024968937297575985,9,4,0.19023280887226052,1,0,8.794638138645482
440,86,1,0.0033192446427988175,9,10,0.21818662608138167,1,0,23.68170454543185
441,87,1,0.0030781635864616987,6,4,0.2680751782585541,1,0,7.906595688167435
442,80,1,0.003651316136960884,13,4,0.1314267684874807,1,0,8.949200107439346
443,25,1,0.05743116132749853,4,5,0.608144711163917,1,0,6.665418065759319
444,25,1,0.04767332658094128,8,3,0.19879566770803858,1,0,9.532197991043196
445,61,1,0.008829658757456295,9,4,0.2602313710376712,1,0,5.810866026101856
446,47,1,0.02391349152851568,4,3,0.5180173300296369,1,0,10.748664938951029
447,83,1,0.002957804575929083,18,4,0.10663900651092394,1,0,15.091434286094442
448,22,1,0.07253059059500865,8,3,0.3767828075938831,1,0,7.231620232533386
449,49,1,0.019274445049718144,7,2,0.2681520121716351,1,0,16.74035675258
450,22,1,0.07253450144760627,12,2,0.16546420641618118,1,0,9.283745209022351
451,69,1,0.009228055686312577,9,6,0.2231487976903728,1,0,8.203727473606582
452,84,1,0.0035907952978726137,18,5,0.09377870297267688,1,0,6.870448285226134
453,81,1,0.004951300375232963,8,9,0.27193234032206115,1,0,2.6848946220204426
454,69,1,0.008830693521263623,12,0,0.19808076774636862,1,0,3.258326757541048
455,82,1,0.003637908745690645,37,2,0.03225500974243007,1,0,8.58848683953026
456,49,1,0.024336575840241126,22,1,0.06141980576728941,1,0,15.526161033507803
457,94,1,0.0008966413277704743,20,4,0.09361030514750018,1,0,16.75574766397925
458,60,1,0.013949140360346092,6,6,0.2787560069598625,1,0,14.718014508173672
459,93,1,0.0021740769511607813,8,7,0.36249627181201277,1,0,12.067152203999878
460,36,1,0.028199846945632295,9,2,0.1548130484134514,1,0,11.699305485913298
461,93,1,0.0006674142255479478,3,3,0.5267101832166872,1,0,11.475188806847338
462,88,1,0.0016323540604006944,2,4,1.6962861568695773,1,0,10.812656766542167
463,45,1,0.026258624213259217,9,2,0.15481958985339403,1,0,6.691395091502705
464,99,1,6.365448419869333e-05,12,5,0.10051511126136413,1,0,29.62849805625731
465,93,1,0.0008021268826855049,5,4,0.2870466927675645,1,0,5.4919137990779685
466,63,1,0.013045940833663772,22,3,0.07422361652036107,1,0,7.208308103526609
467,70,1,0.008422460152916134,18,2,0.10778312363250907,1,0,23.851777896171505
468,18,1,0.06698917253018852,4,1,0.48846678342121086,1,0,22.025230863153563
469,88,1,0.0034693030775992733,4,1,0.45522197942728976,1,0,6.844205665877318
470,90,1,0.0021660196715189797,12,5,0.18513176014105223,1,0,8.739861074934483
471,75,1,0.007165528311405363,6,7,0.35894843596797454,1,0,12.840029996664374
472,34,1,0.027574226781097614,7,2,0.3673554306911093,1,0,3.646877853455946
473,54,1,0.017429933891868185,2,3,0.5316442975415484,1,0,4.656707053964508
474,85,1,0.004651103451266016,28,3,0.049522040680076616,1,0,9.631575948207688
475,59,1,0.013500253567978026,9,3,0.26214202039761253,1,0,14.74703057793888
476,84,1,0.00276934503112569,8,3,0.20647094273662336,1,0,24.21416853235048
477,92,1,0.0012181893241700631,2,3,0.6940290247582463,1,0,5.821627546512572
478,72,1,0.008987344796072456,5,2,0.481216135298005,1,0,11.824567226542767
479,21,1,0.08104767357917596,10,4,0.20039101296912826,1,0,14.17300266838615
480,63,1,0.009112223712289692,14,4,0.130578899731278,1,0,13.347797533705792
481,63,1,0.010963551024664694,9,5,0.21855111403357041,1,0,6.073915881226656
482,95,1,0.0010839746140042978,8,3,0.26941377483325285,1,0,5.617040246399066
483,79,1,0.006946555196358398,11,2,0.1689916729925487,1,0,9.787119800793075
484,86,1,0.005559871892173064,8,7,0.19418561818904784,1,0,22.131465377470835
485,87,1,0.00373951969425462,26,3,0.07418302564177257,1,0,7.854348979427006
486,96,1,0.0015328587108718514,4,5,0.4558862557636858,1,0,15.52860880486276
487,51,1,0.020296033511247098,4,3,0.7299085969592132,1,0,14.489766919665854
488,46,1,0.027162463111993575,17,2,0.0993089545983477,1,0,7.520463608533773
489,56,1,0.01467356930887396,10,4,0.2613225791127592,1,0,5.240080590254612
490,52,1,0.017868967187469595,5,5,0.3490407078190587,1,0,18.573716976715357
491,84,1,0.002384508637297938,13,8,0.19148835161198166,1,0,4.65203201446481
492,54,1,0.017433954037027573,5,3,0.38616003991422543,1,0,17.659566992713536
493,68,1,0.010633414269059945,11,1,0.15257351861660465,1,0,8.135443964880169
494,66,1,0.008810555670913668,16,4,0.13031121913573507,1,0,9.971950733350885
495,70,1,0.008453501503087948,30,3,0.05145035790518584,1,0,8.750366469097964
496,58,1,0.014247076651332395,8,3,0.25319635824812986,1,0,8.621575327972181
497,99,1,0.0005634895935020491,50,2,0.024418375494767997,1,0,11.339928069711656
498,65,1,0.013615017501694918,7,4,0.20184921014460336,1,0,14.388934309577387
499,66,1,0.011613812363009748,4,2,0.39852920793207713,1,0,4.648845465503054
500,92,1,0.0025376228133485025,7,6,0.25352959029140015,1,0,28.039438482252198
501,98,1,9.872995126234183e-05,20,5,0.10666247382279632,1,0,8.107187264249959
502,84,1,0.003523401518486112,5,7,0.3053066931011133,1,0,7.958852358237949
503,68,1,0.009635365082910354,22,4,0.07961577635687947,1,0,13.306437255081912
504,98,1,0.00020936270402459708,8,1,0.2098944665775534,1,0,8.055419074365792
505,70,1,0.008671287870483472,11,6,0.16848167787045673,1,0,5.744739772862997
506,91,1,0.0015254280531536825,11,6,0.16249008954800562,1,0,4.6892983765326415
507,73,1,0.00576566851148102,73,1,0.0065383383666652575,1,0,5.79505664142128
508,34,1,0.03222169598135401,5,3,0.3289619569115487,1,0,5.9238363759214465
509,11,1,0.14454220205980622,2,2,1.0155787478300082,1,0,8.292979530222757
510,95,1,0.001466470389513941,87,0,0.003934038847569578,1,0,3.7746362918160723
511,66,1,0.011283734705506959,5,6,0.4863702545192978,1,0,20.832810225695777
512,66,1,0.011030157989516726,9,2,0.19473716337720637,1,0,8.421791330004742
513,57,1,0.01733061457555229,32,3,0.047315133408493755,1,0,8.932631401575563
514,54,1,0.016685909844003664,7,2,0.2991695739538188,1,0,14.662065155873409
515,65,1,0.007547219754699915,13,1,0.18217429675525787,1,0,21.651615336389774
516,58,1,0.014760719348524493,10,6,0.1626383999680314,1,0,27.860496714544592
517,80,1,0.003552243195068899,14,3,0.12134350461869177,1,0,19.785597356832863
518,75,1,0.006391067963364024,16,4,0.1158741736376907,1,0,4.643074696289681
519,38,1,0.026824910387988295,14,2,0.1179729961598836,1,0,9.856137356947482
520,64,1,0.0098176623135723,3,4,0.3681257171252568,1,0,10.758225190578067
521,91,1,0.002383491675922061,18,2,0.13094736851631653,1,0,14.929858865390466
522,16,1,0.09379202347262208,5,1,0.29893015207804985,1,0,4.014809445588828
523,98,1,0.000583058590961076,12,7,0.1887596624380791,1,0,10.343416563951614
524,96,1,0.00023644665150310973,5,6,0.23149096649914086,1,0,9.58041198778227
525,43,1,0.029010952696237605,17,2,0.10235643063019279,1,0,18.44555563896487
526,49,1,0.016279993375054376,19,0,0.07470229035068415,1,0,10.506690066577475
527,68,1,0.008126035156673202,11,5,0.17018325922833735,1,0,25.772624457686618
528,44,1,0.02067037289511596,6,4,0.4221473798470158,1,0,5.887733247772171
529,59,1,0.015361975006782604,8,3,0.3553776315536913,1,0,14.865653498811284
530,47,1,0.019238344416570515,25,2,0.049187419343548595,1,0,7.141190565039233
531,47,1,0.02223414473303775,8,1,0.2573483250134064,1,0,1.3893193727094968
532,13,1,0.09198373666580209,14,0,0.11327529168533157,1,0,4.587998969459411
533,60,1,0.014761818551373585,4,4,0.40103134678147984,1,0,15.30491888311335
534,37,1,0.034541811321303455,10,4,0.219674110719079,1,0,8.58605572758488
535,70,1,0.006625984387919522,5,3,0.461516858931433,1,0,22.9636120830334
536,79,1,0.004309295946152793,18,3,0.07098524354173147,1,0,4.895103773815322
537,73,1,0.007650959129657429,9,5,0.16036431378631097,1,0,7.988995229811017
538,79,1,0.00700396395370871,19,1,0.06588321255332534,1,0,16.029205880188513
539,98,1,0.0012945196511210454,19,2,0.0881250254372183,1,0,9.830408649127605
540,95,1,0.0010075573705120807,10,8,0.18335129553639895,1,0,19.271274447691695
541,69,1,0.01079737630543013,9,7,0.22014572014179334,1,0,17.16928493326266
542,82,1,0.005019277900422888,13,4,0.11323074548162657,1,0,7.255844598178133
543,53,1,0.015435852551723639,17,3,0.08537917922237033,1,0,10.309046751394536
544,81,1,0.003755835865652935,14,5,0.20681727131086733,1,0,9.720234249473956
545,46,1,0.02920102060185491,2,3,0.35489496881084476,1,0,5.159335411937034
546,43,1,0.02131184473315157,6,4,0.24370241446419685,1,0,1.956865758898445
547,56,1,0.014780582791593997,7,2,0.20971924719026452,1,0,3.409529151751287
548,59,1,0.016785747729643533,5,2,0.4548479308301922,1,0,10.117313864387393
549,58,1,0.011580162825586913,13,4,0.14188287942628536,1,0,10.646120774116367
550,58,1,0.0154220166545484,4,5,0.2737628907125436,1,0,6.759406824578459
551,44,1,0.023431015234054893,13,3,0.14709582503231047,1,0,4.421574835623679
552,69,1,0.006741837368596685,11,2,0.14100030610652572,1,0,9.962544343816495
553,95,1,0.0012420501240224425,11,5,0.12619598313452537,1,0,16.771478746198117
554,64,1,0.01207848904587836,5,3,0.3437346013381416,1,0,6.599955921405179
555,23,1,0.06811085134428205,7,3,0.2649840087474697,1,0,6.823685988267179
556,91,1,0.0015196945960405655,17,3,0.10570765845197719,1,0,6.289957777880035
557,93,1,0.0005593227996037054,5,6,0.32262450958530153,1,0,9.780239861325136
558,61,1,0.01017714093165294,5,3,0.28626526498838634,1,0,17.484777734698195
559,73,1,0.005534462911614381,6,2,0.4583721516106013,1,0,13.058765671745162
560,51,1,0.016369677278945827,7,4,0.3100498290199804,1,0,9.483949149195821
561,26,1,0.05768560622371588,11,3,0.21593804948623502,1,0,3.4583615009064763
562,76,1,0.004728283384213929,25,3,0.07343145324050142,1,0,5.012447296990439
563,26,1,0.057569785613777805,4,3,0.5527351816193038,1,0,21.18513264550148
564,79,1,0.004097234158285563,6,7,0.32429563810627615,1,0,7.512348750018503
565,65,1,0.013369317200807735,11,5,0.21378904710613741,1,0,19.312111711114593
566,75,1,0.007698461755361013,4,7,0.6232571334256034,1,0,5.897578641004024
567,69,1,0.01020961889105445,4,4,0.7122454988584438,1,0,12.526795213203735
568,71,1,0.008282249261535304,19,5,0.0969023058133789,1,0,8.575100169031934
569,86,1,0.0033838604243243533,8,7,0.2293869287963999,1,0,24.602970932274385
570,54,1,0.01706638134200206,44,0,0.029674091109369926,1,0,13.796861107244116
571,78,1,0.004354949731504814,7,4,0.34377145514937074,1,0,5.471080625338496
572,38,1,0.0231477029102363,4,4,0.6123142009600366,1,0,9.706910011258014
573,33,1,0.039685327023210176,3,5,0.6010665962002296,1,0,17.589909096065366
574,21,1,0.06216912562054628,3,2,0.5145267266930392,1,0,4.518450369496052
575,49,1,0.02472407298921065,11,2,0.19903332009693783,1,0,11.49038759518919
576,92,1,0.0020052006738837044,3,5,0.602942500182049,1,0,3.8486863837629564
577,59,1,0.012705886364424587,5,3,0.2981670176912201,1,0,15.56007882723416
578,70,1,0.007915395835266686,10,3,0.18086671956069109,1,0,19.024470217751954
579,60,1,0.012338663778457975,21,1,0.06200179846319544,1,0,6.031451088245376
580,20,1,0.07170631221519314,4,4,0.7298197672685857,1,0,6.923530672383737
581,92,1,0.0008370525863841245,3,7,0.38573740952849317,1,0,13.024200938136193
582,88,1,0.002487362437796232,26,3,0.05408442074984181,1,0,6.394079012340781
583,32,1,0.0440043755384948,5,5,0.35876734642023644,1,0,6.475570077731262
584,86,1,0.003744434201817178,3,3,0.541315921206556,1,0,23.042873620600954
585,85,1,0.00437614096122746,4,3,0.411077570433882,1,0,12.650512586493564
586,99,1,0.00024789935878694795,25,3,0.052850417023507526,1,0,9.59601889853739
587,76,1,0.007065015922350578,10,5,0.17118328912201275,1,0,18.761354280423664
588,89,1,0.001607846794064922,39,0,0.02441433938462598,1,0,21.738190645412477
589,49,1,0.014051806806566912,21,1,0.06800708742040905,1,0,5.498168300313866
590,91,1,0.003649724059716907,32,2,0.049036188306979006,1,0,11.107337444020837
591,77,1,0.004211163525269168,14,5,0.12932169765081813,1,0,41.618671260990375
592,94,1,0.0014184898628496275,10,2,0.13492621290515927,1,0,6.254922180257137
593,92,1,0.0006615671146914668,6,5,0.396533477471287,1,0,22.62746143663329
594,64,1,0.009085422893214965,2,4,0.8343806552158004,1,0,24.812684419715346
595,24,1,0.07034056017469152,4,2,0.4202952374056861,1,0,7.792673671143142
596,52,1,0.018322959740079265,7,2,0.25799924487516657,1,0,5.094114213151696
597,39,1,0.02286859240187424,8,4,0.38623207455539244,1,0,9.02830898563162
598,87,1,0.004627481805911749,34,3,0.0392977069830819,1,0,9.18404189353474
599,22,1,0.06696795079842299,3,7,0.5248170102122903,1,0,13.016723753059619
600,32,1,0.044747053586777115,7,2,0.26907593700496224,1,0,7.598394668865317
601,50,1,0.017685620411854806,3,7,0.455250188499243,1,0,29.31397271228924
602,64,1,0.008245640152182435,8,2,0.20944042185551726,1,0,6.021811221908376
603,98,1,0.0005223735294115839,11,5,0.14648169484278506,1,0,9.767708465113731
604,37,1,0.023523543882953857,10,1,0.2525207618670093,1,0,17.468722839695616
605,96,1,0.000439336519279487,16,5,0.10977574816729077,1,0,5.940750996929903
606,97,1,0.0002356811246053112,9,3,0.3332758664735622,1,0,2.8293815359519745
607,93,1,0.0017786189941685316,4,3,0.33517092948920935,1,0,5.809069922183308
608,75,1,0.00848017947628175,56,2,0.01939841262704836,1,0,10.022073687399764
609,88,1,0.002380739539842257,8,5,0.27695711868974243,1,0,8.186842085848928
610,79,1,0.0031693510055866266,9,6,0.3039985718609457,1,0,14.500177456156068
611,57,1,0.017383339269079933,13,3,0.18034150367214352,1,0,3.941200599337067
612,82,1,0.0038093641214815084,21,4,0.09601676286617494,1,0,10.673167537478847
613,75,1,0.00687796512010087,19,1,0.0710005705850178,1,0,12.616034517008835
614,73,1,0.005722432808221684,12,4,0.1382734961519578,1,0,5.234158839665268
615,75,1,0.006816691552329293,10,2,0.23748904931299522,1,0,18.39616771165872
616,54,1,0.021725979875796192,7,4,0.41700791565625317,1,0,9.437168829202987
617,62,1,0.014011367342232947,6,5,0.31776583319101215,1,0,5.15888928214932
618,88,1,0.001948642133179418,19,5,0.09725151283748681,1,0,11.712449416469875
619,47,1,0.026753225615886424,7,7,0.2998385509595204,1,0,13.439022471474571
620,78,1,0.006131390329840873,13,4,0.13899962197132926,1,0,11.260651945033583
621,84,1,0.0035626853800875577,8,6,0.22149206833137047,1,0,6.215861097321205
622,68,1,0.0089268066561271,18,4,0.12431435570277913,1,0,11.76489927176706
623,18,1,0.06891056224125548,18,0,0.09386595925631366,1,0,10.553229106756378
624,45,1,0.025803433980906443,6,8,0.22243104445913825,1,0,10.487855806949993
625,66,1,0.014897827800441679,11,3,0.19208016402780764,1,0,8.47102261729803
626,94,1,0.001634578278067488,46,1,0.016665850645335857,1,0,11.619647744864038
627,83,1,0.003204472330310507,7,2,0.3737818168648115,1,0,13.024806482372949
628,75,1,0.008559598502704093,20,2,0.06997310613158247,1,0,7.154173331104359
629,62,1,0.010714558221798684,3,6,0.4337532667774137,1,0,3.4973779153766698
630,78,1,0.007444467857498111,5,4,0.47399961696327253,1,0,6.5173900962258635
631,94,1,0.0013924337815672439,9,7,0.18435336181753909,1,0,7.3277436895575665
632,60,1,0.011929948626557257,16,4,0.09865887781653919,1,0,16.123038057240574
633,87,1,0.0038026800806136786,4,6,0.3330810148516297,1,0,5.438113087381924
634,64,1,0.011639582972325702,5,4,0.4734324988091966,1,0,6.072245528139917
635,97,1,0.0008025195508686482,78,0,0.0072121166934596475,1,0,24.555369102194547
636,66,1,0.014885651780153358,30,1,0.04927517142779165,1,0,7.785790973892711
637,64,1,0.011509532570856773,14,4,0.14448621068760045,1,0,11.73132263003734
638,88,1,0.0030405404513065308,10,4,0.17424283623593584,1,0,3.938174733564105
639,15,1,0.09137874113878072,5,2,0.3643756044208505,1,0,4.553249519651196
640,28,1,0.05340378072756569,3,3,0.42548445845121596,1,0,11.112740239054096
641,61,1,0.012526154120882177,12,4,0.1802846832875403,1,0,13.049737321947003
642,30,1,0.052325457985439146,15,3,0.10843098120085608,1,0,6.063753098436754
643,38,1,0.033247942777326074,11,3,0.15472680181572607,1,0,14.375601397986838
644,66,1,0.007034395540828594,19,0,0.09455924798554409,1,0,5.969445054639195
645,21,1,0.06900043019980219,4,2,0.7009271445866136,1,0,3.7915420921766234
646,57,1,0.018924006221289286,5,6,0.41530272516831623,1,0,10.5693666628643
647,57,1,0.013919987338660495,10,3,0.17463137636968445,1,0,5.591066750433427
648,67,1,0.007695776945089205,9,6,0.19765269762812615,1,0,8.462879385379384
649,88,1,0.0026278633705121538,17,5,0.10509335354559612,1,0,19.800738904493855
650,80,1,0.004429132521680164,7,4,0.3939823796756236,1,0,3.4135555438265763
651,98,1,0.0003155427677116205,16,2,0.1166782688302649,1,0,9.89830644042515
652,48,1,0.024377810263021948,3,6,0.46533870451324616,1,0,6.613256778186563
653,80,1,0.004806838961707525,4,2,0.5847402966194164,1,0,6.609976887168745
654,50,1,0.018994389448067278,7,3,0.273419050117175,1,0,16.511788619631158
655,76,1,0.00627020604733874,12,4,0.173121332279952,1,0,3.092599027037299
656,28,1,0.039506793972252804,4,4,0.6678038223764773,1,0,6.136914640233367
657,93,1,0.000889434979903539,18,7,0.10239497436082814,1,0,21.688756873652974
658,49,1,0.02514396879743997,13,4,0.15736700288687788,1,0,6.012041997900336
659,7,1,0.19756988203066084,2,2,1.5708990282108868,1,0,8.379381629884243
660,87,1,0.003622534636914615,2,4,1.0918924587838161,1,0,8.954879941342659
661,96,1,0.00053328404413389,23,4,0.06888995924930887,1,0,8.20632385518199
662,92,1,0.0018238788492394293,4,5,0.3585650627043816,1,0,2.4658144613227457
663,90,1,0.0018739245066135128,9,4,0.16229616748156098,1,0,14.708848778512012
664,70,1,0.005705845005055728,6,5,0.38860638805451364,1,0,3.0998423845319447
665,54,1,0.01626489893425907,11,2,0.2207098989775926,1,0,20.25430065303447
666,99,1,0.00010539764457463665,37,1,0.03594055266939129,1,0,6.662891325910757
667,61,1,0.009563553645636977,6,7,0.3729306047172857,1,0,4.884326852741279
668,29,1,0.046835259066311995,7,1,0.38277139401120336,1,0,10.84116207056782
669,22,1,0.07369597117132816,13,3,0.13599118968718382,1,0,7.721873810783119
670,76,1,0.0048642002513369165,3,2,0.6907465317493293,1,0,4.918833808451044
671,61,1,0.012825967653566524,14,5,0.09580834447003016,1,0,6.429048179113395
672,18,1,0.10167546937157519,4,4,0.45959824498676577,1,0,6.870232354215312
673,47,1,0.01917728645189726,3,4,0.41785812421117396,1,0,4.208554842854133
674,78,1,0.0056487041745783735,5,5,0.5377083003091412,1,0,11.161386822644081
675,89,1,0.0038791243755216297,5,4,0.3038216661888407,1,0,11.51112449071682
676,33,1,0.044305586041928885,4,4,0.5229562290740658,1,0,5.141984542317511
677,36,1,0.036309953511150454,7,2,0.21585388301343875,1,0,9.548060911428816
678,73,1,0.00702069049955399,12,4,0.13829844918856624,1,0,2.570590645342872
679,65,1,0.006706914389566913,15,4,0.13318143955826559,1,0,3.7626197228250526
680,93,1,0.0010726599929556187,22,4,0.07881205705143587,1,0,16.607338692570583
681,98,1,0.0007502114591493121,4,6,0.4546834253596016,1,0,3.8228289189007705
682,52,1,0.01709334668971204,20,2,0.07012923992344505,1,0,19.14568248870752
683,57,1,0.013425356729343153,14,5,0.12769737941611953,1,0,11.93157084213192
684,74,1,0.00604776210511458,6,6,0.28701005967622834,1,0,9.075690606544914
685,18,1,0.0694964720134071,4,4,0.4288983499355379,1,0,11.931286075688693
686,43,1,0.026798810534657807,14,2,0.1587459771772301,1,0,26.606275666911326
687,51,1,0.017558397597002357,3,0,0.9424680308700822,1,0,6.03062683064133
688,38,1,0.032430141226469464,5,3,0.5824761223571442,1,0,18.241878916392384
689,59,1,0.010229850260169133,5,4,0.46356639960701274,1,0,4.7570521888921045
690,98,1,0.0005998881624930134,10,1,0.17612488951601946,1,0,8.414315242308897
691,50,1,0.023708851323036843,7,3,0.4380916678613884,1,0,5.591350658525046
692,81,1,0.0049490061894156105,13,8,0.15266083055207888,1,0,8.73072728214814
693,12,1,0.14869258394326468,5,2,0.4404059724957446,1,0,9.581538486359499
694,80,1,0.005944993576188746,8,3,0.27796600976511016,1,0,7.989281098262241
695,80,1,0.00580312756448204,11,5,0.17799025731011361,1,0,11.124522733157054
696,89,1,0.0024431006417525583,9,4,0.16838266294090448,1,0,8.92337528083229
697,62,1,0.008135040117646966,4,7,0.5965863144337805,1,0,13.042947427413429
698,86,1,0.0038256789617650924,10,9,0.17214938573086025,1,0,13.502672540326998
699,20,1,0.06347061593018169,13,1,0.13493414741333412,1,0,10.32843885248979
700,32,1,0.04618436031158099,6,2,0.2697321208408158,1,0,18.04849737283559
701,91,1,0.0017139769166263385,5,8,0.47544270389105536,1,0,12.911438583156196
702,49,1,0.013268392334982301,7,5,0.41536387230356886,1,0,3.2939944640075702
703,94,1,0.0013160073415781077,29,6,0.05675445331832343,1,0,11.364488989384046
704,55,1,0.017559489079158233,6,7,0.36622836366661193,1,0,4.840014989328195
705,58,1,0.011849950674604592,9,7,0.18728338882598008,1,0,10.908953007091641
706,7,1,0.29393040474328097,4,2,0.9392472849553178,1,0,5.964345023192106
707,96,1,0.0012378203887414268,9,5,0.14038450734438945,1,0,2.966349899683755
708,89,1,0.0018889029185373122,8,2,0.222463635077362,1,0,13.85037354715162
709,84,1,0.004217908329523031,4,4,0.4724655305382171,1,0,2.3645138102443832
710,69,1,0.008861211683342108,5,8,0.3007290185237904,1,0,7.121182197318244
711,88,1,0.002967375927922799,18,3,0.09223357763205858,1,0,10.208816342129165
712,32,1,0.03027997027471067,7,1,0.26233526283236824,1,0,4.180379961421648
713,59,1,0.01564827982772884,17,6,0.09337214925326784,1,0,16.206797773802904
714,69,1,0.011679972337141764,2,3,1.1085374218642057,1,0,8.474936258957424
715,40,1,0.030977063506148237,25,2,0.05220423287596461,1,0,1.6994990963299639
716,86,1,0.0027688494090579215,2,4,0.8981560715469908,1,0,12.109354893090119
717,68,1,0.009604631650196947,6,4,0.3568889222838995,1,0,8.011301213305135
718,39,1,0.020852091744374187,10,2,0.20932096195673833,1,0,17.125570634700903
719,90,1,0.001228503774098107,4,6,0.36937319980839844,1,0,12.100230804517732
720,80,1,0.003852404704173296,22,4,0.06605626482522522,1,0,11.457354867599028
721,97,1,0.0005090830453818945,12,4,0.21919530314944005,1,0,11.803728583410384
722,34,1,0.04684085641284421,23,0,0.07612329818212489,1,0,5.254127821984143
723,90,1,0.0022071644770853332,6,13,0.3074808121044305,1,0,11.862513572443332
724,56,1,0.015261156899862908,7,4,0.25419261796667203,1,0,6.172764536630002
725,55,1,0.014730471565796259,13,1,0.16724433442454437,1,0,10.919421373909058
726,82,1,0.004305520227288215,14,3,0.1415701356305764,1,0,3.3852547857042317
727,80,1,0.004247308606531623,9,7,0.1945280673765519,1,0,18.04453027877403
728,98,1,0.000300306765028856,54,2,0.019100635322227118,1,0,2.8356310102267592
729,68,1,0.007577419215991357,14,4,0.10754615841748812,1,0,7.342228485425321
730,31,1,0.04836485703670256,4,4,0.5110026017867492,1,0,10.846227182247214
731,88,1,0.004434347123540992,5,3,0.3862877366826531,1,0,11.255724441300826
732,93,1,0.0018580959313821014,4,6,0.682281132504479,1,0,3.0508154376482266
733,82,1,0.005703843901097954,11,5,0.1912233292899729,1,0,13.789478915347331
734,31,1,0.04478959219462581,6,2,0.18041473301495664,1,0,5.52701786735928
735,82,1,0.0027421228916299297,24,3,0.06623400667317333,1,0,13.524927733342103
736,41,1,0.03180799657181192,16,3,0.10569911672492194,1,0,16.52718900973521
737,82,1,0.004216779501318655,5,5,0.3920498068508492,1,0,3.156368460319372
738,53,1,0.013740674031343382,4,3,0.41726758223159865,1,0,6.130471659034492
739,91,1,0.0021843532260831158,7,2,0.44010667481178567,1,0,9.08235547005875
740,53,1,0.015826108599880713,8,6,0.15849291380027403,1,0,11.047290799391655
741,44,1,0.025375701628297824,6,4,0.3894402340969303,1,0,8.690305844527364
742,56,1,0.016617407267943713,3,6,0.42073074934503923,1,0,14.780816508075004
743,97,1,0.0009560461064029226,11,4,0.27451866244183626,1,0,7.085339619664802
744,88,1,0.002762859268246185,10,4,0.19782212518677456,1,0,11.44516338556644
745,49,1,0.019172025789198896,4,4,0.2678208700066953,1,0,3.7713745234606213
746,12,1,0.201279267340611,3,4,0.5515298991476834,1,0,5.658124121794531
747,82,1,0.003397530298128333,32,5,0.040157143655495435,1,0,8.874464486800449
748,79,1,0.007340239802615024,4,5,0.5271849652082847,1,0,9.477007676390517
749,51,1,0.018399267109136766,6,3,0.34198688134994576,1,0,5.732896997446342
750,53,1,0.02079807000494479,4,3,0.5017423295730682,1,0,9.176291000689998
751,88,1,0.0029817627549092616,5,4,0.7362561274357953,1,0,4.523491779203913
752,84,1,0.004306386613602882,26,2,0.06623696585620643,1,0,3.9846119486186895
753,43,1,0.026880066431272127,2,3,1.0559913534942909,1,0,5.380348586346873
754,55,1,0.015604664616865176,7,1,0.2853455279238312,1,0,6.354220078890438
755,66,1,0.010461159258183398,11,4,0.12413096348331208,1,0,19.839628630252147
756,81,1,0.0036449443198895274,13,3,0.14640302645247452,1,0,1.9849152418357985
757,35,1,0.028655771724459045,8,5,0.3434398839244841,1,0,3.2350507142348413
758,61,1,0.011911521276939115,15,2,0.09730569377792288,1,0,9.691333427852397
759,82,1,0.004146631276632047,2,5,1.0472835331150385,1,0,6.001592558699345
760,56,1,0.019666441688679048,4,4,0.3016094833815432,1,0,10.833233815226489
761,69,1,0.010279808198999206,4,5,0.5374083035695303,1,0,12.703936176306247
762,61,1,0.013987876898156195,3,2,0.9548979373159352,1,0,8.387190457519484
763,83,1,0.0036464442466770126,6,8,0.36023422457401766,1,0,9.180921968102604
764,83,1,0.003286819707928734,10,2,0.20391737872735963,1,0,13.736679177269504
765,90,1,0.002118356421295085,10,3,0.216466959835364,1,0,8.733775543527088
766,48,1,0.019154393520795194,5,7,0.3151906049776913,1,0,10.637776807517959
767,60,1,0.010024701476821845,20,2,0.08158344938767652,1,0,3.838011496306005
768,18,1,0.10263584152248728,2,3,0.9984796675947559,1,0,4.159627024998062
769,82,1,0.004972782831359005,15,3,0.11348212225599193,1,0,3.9728182416906055
770,84,1,0.005164616536430801,8,8,0.21892089594367328,1,0,10.253460885791444
771,30,1,0.05007346814885832,10,3,0.21487425065535573,1,0,13.39616924325614
772,73,1,0.00887016767817386,6,8,0.3224446280422531,1,0,12.59703696542858
773,50,1,0.020803352809515334,9,2,0.29114346996457013,1,0,10.991788092510285
774,50,1,0.029916858785617197,10,3,0.1602071394897984,1,0,6.902875651944374
775,73,1,0.007910033809127501,11,4,0.17850646549975557,1,0,14.923361995781022
776,96,1,0.000830875062502233,7,5,0.2387296938744767,1,0,4.966616372015278
777,83,1,0.004204276831936164,7,5,0.30882745254815963,1,0,15.79523740052307
778,78,1,0.007862408495491639,8,5,0.37468708959292063,1,0,6.396722611585375
779,78,1,0.005744997694204761,2,5,0.7475722642664127,1,0,12.979832818696517
780,99,1,0.0003000943854144332,5,4,0.30574694865673696,1,0,7.210919365616715
781,96,1,0.000923424284301557,24,3,0.05187936071507449,1,0,7.516302529455947
782,63,1,0.01379136745461627,13,1,0.13444765087809504,1,0,2.6036211056557654
783,68,1,0.009377453600767308,6,6,0.44546271107837687,1,0,8.270248388221827
784,64,1,0.011468559228879693,6,5,0.31272052715690746,1,0,4.9262571530628625
785,83,1,0.0030842864244481206,12,0,0.17020882668669954,1,0,6.47700608946434
786,98,1,0.0006149587118920715,6,6,0.4018912638994036,1,0,8.450385485696085
787,28,1,0.05202811237810678,9,0,0.20149229934342977,1,0,8.895204038414455
788,82,1,0.003170824555551209,2,5,1.0507932136869962,1,0,7.8221461403319585
789,75,1,0.004128739108727358,18,4,0.10091985978821255,1,0,14.82894387530782
790,87,1,0.002413658616402963,9,1,0.27162356592782777,1,0,7.108196702884585
791,90,1,0.0019459009000129068,9,4,0.11431807714606855,1,0,8.316030162969195
792,98,1,0.00024049498138257737,16,6,0.08790498323567529,1,0,8.214116764649042
793,96,1,0.0005548564689658851,20,2,0.09905757125962622,1,0,16.560540523737323
794,37,1,0.030783280300151636,12,3,0.13734882876536952,1,0,2.992464895463307
795,34,1,0.038956320387762484,12,4,0.1472932656812052,1,0,31.818837931197745
796,66,1,0.01287950578508441,16,2,0.11994810382786572,1,0,18.251728296283098
797,91,1,0.0019415360192242888,2,5,1.1973740975812868,1,0,12.719515278810556
798,89,1,0.0010255352890754586,7,3,0.18861566637466398,1,0,24.99096939807519
799,71,1,0.008235494678906824,30,2,0.06707848038990426,1,0,4.449480361830133
800,99,1,1.923776110864939e-06,36,1,0.033687698580120384,1,0,2.658537485308066
801,53,1,0.017597940928496876,15,1,0.10469464891631754,1,0,7.308727244761595
802,76,1,0.00645790843322418,13,7,0.10808863225090214,1,0,11.753325308984385
803,96,1,0.0011491736601332279,16,6,0.09033371298920802,1,0,7.42788868644183
804,50,1,0.021558477597594782,17,6,0.11610513367667265,1,0,6.423771775706562
805,68,1,0.011914891594090182,22,6,0.06494227361320655,1,0,13.281945631322051
806,97,1,0.0008555205002587204,9,4,0.1568737772950761,1,0,6.785560091437379
807,60,1,0.015833037699600844,14,0,0.11596763017583665,1,0,7.388587994431623
808,91,1,0.0035493000773642674,16,4,0.1281104585696186,1,0,5.358086605874353
809,33,1,0.04257943723555463,6,3,0.3013950729755567,1,0,19.17713943813473
810,66,1,0.006786587982056904,5,6,0.40177578199799036,1,0,24.051675461321974
811,61,1,0.011875742542227525,6,7,0.3932199076860419,1,0,9.901422668255838
812,53,1,0.021457387878578055,3,5,0.36838715177443265,1,0,2.8495987361678594
813,79,1,0.005112917155854669,17,2,0.09588820095111736,1,0,6.7590363339078
814,19,1,0.09557224893578858,3,2,0.8266025922722888,1,0,19.207599379450976
815,98,1,0.0004564951226676519,8,6,0.32279660151356687,1,0,9.412711979043015
816,13,1,0.1295764038734904,3,1,1.4659670212291702,1,0,3.9748153405682207
817,86,1,0.0041955293074175636,9,5,0.19595753208070707,1,0,5.073947136953025
818,22,1,0.06314535826730744,6,1,0.4141293192886484,1,0,11.65529719710177
819,47,1,0.02381834610052629,13,7,0.15441921797613695,1,0,9.279184255598976
820,74,1,0.008087999945162053,3,5,0.542686677793249,1,0,6.74930302879461
821,48,1,0.01817646837418136,7,3,0.4506869600709307,1,0,13.202929886603561
822,85,1,0.00296713183851675,16,2,0.08288824830682927,1,0,6.15868244009469
823,92,1,0.0016016975576585149,23,4,0.04404190175581244,1,0,14.99188212233176
824,54,1,0.01772559240684278,8,7,0.2278551860566568,1,0,19.23835893376049
825,30,1,0.052573318020727636,8,4,0.19129975179512,1,0,7.065879601758921
826,96,1,0.001160519695548149,8,5,0.29463805808662896,1,0,3.3235517395553877
827,89,1,0.0030194586253556865,11,5,0.21505054036758073,1,0,3.103338647439313
828,97,1,0.00046611710810518897,14,6,0.14158473096158147,1,0,11.214572046993998
829,62,1,0.011202699270273394,11,3,0.1948233207050651,1,0,8.16219565775381
830,49,1,0.018977819172755827,3,3,0.4952705743854758,1,0,4.023121419799067
831,73,1,0.008733616337343755,18,7,0.13118540693929728,1,0,6.036955212678812
832,63,1,0.00986581157698424,27,1,0.056390488996268626,1,0,7.647436677318529
833,80,1,0.00481781190745843,4,7,0.7224152462427632,1,0,16.408026388039847
834,35,1,0.04402577593583758,3,4,0.5750514926111633,1,0,22.743866941160153
835,38,1,0.03342089751445087,13,4,0.1437777490846585,1,0,10.944760624132591
836,41,1,0.034023750606385975,8,5,0.29943566926135934,1,0,5.4493934233324985
837,86,1,0.002521700404700193,15,3,0.1280081086755322,1,0,20.2551580823969
838,80,1,0.004438760271046523,10,2,0.25046434540935897,1,0,3.5350586496370107
839,22,1,0.07055174750914912,4,4,0.42684896109561976,1,0,26.405832689055618
840,62,1,0.013926816236701164,29,1,0.04309475262548974,1,0,5.951065227812719
841,60,1,0.015192844570015783,13,3,0.1295770369711555,1,0,30.692827360734082
842,81,1,0.003065515565061459,8,3,0.29660596281884516,1,0,7.868592240735832
843,60,1,0.01053752254092088,9,5,0.1975991039604379,1,0,13.147514244560252
844,75,1,0.006756190051813006,21,3,0.07915265086214655,1,0,12.793794621124974
845,43,1,0.02595488098752043,3,6,0.39778647714538234,1,0,3.257672668118929
846,98,1,0.0001727849663810089,23,3,0.04789756893269854,1,0,4.853658758713465
847,98,1,0.0001251335408125273,5,4,0.357383413927478,1,0,15.745027950689511
848,18,1,0.10472533111721691,6,1,0.32190882210120764,1,0,4.603009602457965
849,98,1,0.0008577669993436246,27,2,0.04789901990696658,1,0,11.790005848793767
850,67,1,0.010143567819344015,6,4,0.3698600400382539,1,0,5.1886570877756855
851,90,1,0.002982760207181127,7,5,0.3398531791863269,1,0,7.839298193004236
852,93,1,0.0018159226725275527,9,3,0.2738707511801406,1,0,8.665426034921659
853,38,1,0.03364745410923567,3,3,0.8682558317376892,1,0,10.467960895203511
854,62,1,0.014439701802800626,14,3,0.10140119193634169,1,0,6.840076751892553
855,81,1,0.00564746215967199,12,4,0.12154329134551016,1,0,12.499180075522384
856,75,1,0.006380178907889321,4,5,0.585210767488834,1,0,13.931264005373643
857,54,1,0.01688751653562425,11,5,0.19163161446139532,1,0,16.144915734362723
858,95,1,0.00185259498076746,13,6,0.14369764777546037,1,0,3.0045409572227175
859,67,1,0.012193813615666349,3,8,0.6496718532618371,1,0,10.879521561597475
860,95,1,0.00073213342237542,16,4,0.09088654896792171,1,0,2.9499844163808997
861,83,1,0.003408793002574672,29,3,0.05171659216692599,1,0,7.010754071268134
862,78,1,0.004931462072663814,18,4,0.0867638980267361,1,0,4.793355770229532
863,93,1,0.0009627953155401959,4,3,0.38906432715424727,1,0,8.319725020536378
864,48,1,0.017692115673180586,2,5,0.6889874999438945,1,0,14.051309746529592
865,93,1,0.0011243667478345683,10,4,0.24461597907264138,1,0,14.807089430481861
866,11,1,0.16447080549920587,6,1,0.34737356399119124,1,0,10.073481352561814
867,68,1,0.010246824693603492,26,2,0.06259128601818925,1,0,11.081879856410955
868,55,1,0.01911615558967593,5,12,0.30428910652581387,1,0,5.335794594692757
869,34,1,0.03578057352290509,5,5,0.3432828186147218,1,0,4.12876265981944
870,98,1,0.0005642109254944906,37,3,0.03056744772911781,1,0,4.089601966937762
871,95,1,0.0013193586207459293,9,3,0.2057933851773334,1,0,13.793947870558046
872,77,1,0.008079461340658747,5,5,0.2089087679126927,1,0,8.767377736247887
873,81,1,0.005115049897579064,13,3,0.16725311671921023,1,0,5.651857292527648
874,94,1,0.000819438697864332,6,5,0.28106017044205667,1,0,9.592343307218666
875,83,1,0.00431540750352366,20,1,0.08250625661412614,1,0,11.856181488036173
876,97,1,0.0014000029378243085,8,6,0.20825987389177034,1,0,10.542445153991158
877,83,1,0.002712227546491344,15,5,0.11144980661880123,1,0,13.771131361792426
878,54,1,0.015190407946543817,36,1,0.03853776625671811,1,0,8.39604560707143
879,35,1,0.04053555986658745,7,2,0.20207761403951804,1,0,7.869717295970975
880,47,1,0.0212398143804215,17,3,0.11032040442908883,1,0,3.372698853911946
881,54,1,0.015939075109027194,2,7,0.37086694465845255,1,0,14.650890551769535
882,14,1,0.08551774834160594,2,3,1.2749301457118662,1,0,4.164334640448006
883,97,1,0.00046920438434531255,13,5,0.1378216072981977,1,0,3.6129894198787036
884,91,1,0.0012507040838279347,7,5,0.28864467668821625,1,0,23.301776807946315
885,97,1,0.000992081269847497,30,2,0.06083702442281086,1,0,6.568243879801398
886,74,1,0.005631731325079698,5,4,0.48007280624657767,1,0,6.299837596660366
887,88,1,0.002257945584308896,19,2,0.08395271241993599,1,0,4.3152790649404995
888,99,1,2.6326586959267372e-05,13,6,0.14628917240058037,1,0,6.187582622822833
889,68,1,0.010011956006288169,2,4,0.6120653692658151,1,0,16.674571029723285
890,96,1,0.0011731809724866112,27,3,0.059457636658746024,1,0,7.5059494617903635
891,99,1,2.9427953099407842e-05,21,2,0.06918196663276148,1,0,12.25817988200243
892,81,1,0.0036355006774594083,9,4,0.2466870767042084,1,0,11.208100934517782
893,63,1,0.013155750134656048,5,6,0.5022574519147546,1,0,14.161179379606116
894,95,1,0.0009079109564992508,6,4,0.23913938997959316,1,0,7.268261310870748
895,75,1,0.007942286955184787,4,6,0.3407506876648883,1,0,16.413110099873833
896,23,1,0.07244529973389012,9,4,0.21227053793197923,1,0,4.220466297823912
897,98,1,0.0003483469021822272,17,2,0.09077177163137647,1,0,16.865933272539987
898,66,1,0.00952980271360377,18,3,0.10767111243462046,1,0,4.835580465300366
899,62,1,0.00968539641821165,5,2,0.3755198775866918,1,0,9.497978528540008
900,73,1,0.0064255413986321255,28,5,0.050780594105375824,1,0,14.369636733384478
901,64,1,0.010356958603627323,12,3,0.188150322205434,1,0,11.511623342868301
902,46,1,0.02451411516838607,3,4,0.629129904295837,1,0,9.727726960234358
903,66,1,0.013437488436534853,11,4,0.12949392710620267,1,0,11.765373974937773
904,81,1,0.007225045720144437,5,4,0.37367302804059305,1,0,5.959892682259675
905,57,1,0.017800619180358867,6,4,0.6139550120621327,1,0,23.129006253690086
906,58,1,0.016646549281821958,10,2,0.20466058907727389,1,0,9.362583133273116
907,58,1,0.01672319479122097,11,5,0.1828320913701806,1,0,11.598493567405951
908,37,1,0.028402740983512805,4,1,0.4214361551727773,1,0,5.550613117024903
909,42,1,0.02886292172442763,30,2,0.05219052521550571,1,0,10.428677850987205
910,93,1,0.001270416653934968,9,6,0.2239262717708138,1,0,4.302882399612855
911,87,1,0.0024130086385902257,8,6,0.2848524197829815,1,0,13.568802871384898
912,96,1,0.0006020990376508895,26,4,0.06899160832090574,1,0,18.900673892132893
913,41,1,0.0240924583903563,2,3,1.288590121152061,1,0,12.616067863765979
914,23,1,0.0874126900426232,12,2,0.19757447033058473,1,0,16.090326984449558
915,57,1,0.011605016407496534,13,3,0.10203773404710006,1,0,16.613063554443148
916,99,1,6.805240131906369e-05,6,6,0.3808882501026346,1,0,7.309822273040744
917,35,1,0.040087202792607676,6,0,0.3715607921435179,1,0,6.566999694189961
918,99,1,7.539712438797096e-05,15,2,0.11570592321056773,1,0,5.889139402135313
919,60,1,0.013498732768287239,7,3,0.2280911631548066,1,0,14.935198733512967
920,93,1,0.0012232704003597957,58,1,0.013745692506524557,1,0,8.274985951550121
921,74,1,0.005588069775688283,12,3,0.12407202003531188,1,0,5.920208714886136
922,37,1,0.04135161849765284,10,1,0.14175313313492346,1,0,4.604464696486875
923,99,1,8.760169928869922e-05,16,5,0.1628080602673444,1,0,3.651786554599892
924,61,1,0.010205763072989586,7,2,0.3312131689680978,1,0,11.971588822447625
925,80,1,0.005788533407469157,10,5,0.15469958314621532,1,0,8.434295230349734
926,45,1,0.02880553753290456,7,4,0.3504206362998781,1,0,2.7750575255712944
927,9,1,0.12694296813929457,3,0,1.2638428391346181,1,0,2.430024729421782
928,96,1,0.00035860292825324984,10,3,0.136690348499106,1,0,6.009534932161956
929,92,1,0.0018981962276613958,12,3,0.1334949237480393,1,0,5.677558320224581
930,32,1,0.05390894292121556,2,2,0.8951068724936678,1,0,2.5970869827713776
931,63,1,0.013468066656455188,9,4,0.2673095015789949,1,0,13.26349771215719
932,59,1,0.015740276606824734,11,5,0.18834497356384872,1,0,25.915199509555524
933,68,1,0.01371126703211742,20,2,0.08225261075403634,1,0,14.15744787412325
934,97,1,0.00019327179022485147,8,4,0.20733011970105183,1,0,6.526250237523142
935,74,1,0.008380271220650217,23,3,0.06833001029309864,1,0,9.933972044517974
936,62,1,0.014467381524735146,3,5,0.5951482047150428,1,0,3.7626495177427968
937,97,1,0.000766364206384458,19,2,0.0851570455355106,1,0,4.575880429394604
938,59,1,0.011292797673598792,7,2,0.24365529461762606,1,0,4.602570757510442
939,36,1,0.039161153556959864,6,3,0.42503099572794184,1,0,12.799627698125924
940,80,1,0.003850294863973158,3,6,0.3589255486874074,1,0,10.627749099770153
941,72,1,0.0044556349035252294,8,4,0.2196570790732178,1,0,4.184537094274585
942,23,1,0.06742526196665605,9,5,0.23728570018378542,1,0,20.13879772844777
943,94,1,0.00205324089975603,4,2,0.5383351343294416,1,0,9.597388155764929
944,95,1,0.0016790137626601126,20,8,0.07336057623573099,1,0,9.925521306882008
945,72,1,0.007339755489159164,21,3,0.07443815010569102,1,0,8.443181854232606
946,59,1,0.012431214508361385,9,2,0.265588458615923,1,0,4.5986754558763145
947,77,1,0.00989139969491198,10,3,0.1771863009349634,1,0,2.9344430012715663
948,62,1,0.013039959065771786,5,6,0.3463488689357251,1,0,7.404148663705492
949,52,1,0.01803082121295954,9,4,0.176063816206921,1,0,5.691366588459624
950,66,1,0.0141061785164636,19,2,0.09968097952240096,1,0,18.708656488851346
951,69,1,0.008352633456419333,10,2,0.21779240890552054,1,0,10.768700681103379
952,73,1,0.004809657187782636,15,2,0.11799165175557767,1,0,6.496733355344209
953,14,1,0.09876517096456386,3,1,0.9967935746367562,1,0,4.329652511156014
954,59,1,0.010376986317026307,9,2,0.3215003300872133,1,0,2.0706660504826147
955,98,1,0.0006109579983890085,28,1,0.04272949768563766,1,0,9.769676608948663
956,55,1,0.014782009553281962,9,4,0.24311301856755607,1,0,7.499969618945236
957,93,1,0.00200176368828216,7,9,0.216159853353208,1,0,18.553043923862695
958,42,1,0.026289999563163545,11,4,0.19585146397030395,1,0,5.159975318530702
959,96,1,0.0003828624676919549,2,7,0.453952328252178,1,0,15.328872387066294
960,52,1,0.01890954056768347,8,4,0.24836245377407884,1,0,4.059015227861833
961,31,1,0.039728900885364044,5,3,0.36532993251702206,1,0,3.341333118102211
962,86,1,0.00305705007859705,13,3,0.13346445726119124,1,0,10.745914094993779
963,70,1,0.00841559607541261,8,6,0.15786086144403458,1,0,8.732243440323764
964,86,1,0.0026105190062976455,23,1,0.06152416959616369,1,0,8.93355831339998
965,83,1,0.005114704747088937,9,7,0.12373496035959276,1,0,17.27103633486741
966,58,1,0.017272660576203854,2,8,0.42018122109417555,1,0,8.762701932443637
967,50,1,0.019200517230612335,7,1,0.3460598463208599,1,0,1.7508732602494623
968,98,1,3.537932061914412e-05,29,1,0.05357869842021754,1,0,6.991937511009451
969,54,1,0.018371816418716637,12,3,0.19514621466539375,1,0,16.577773183131125
970,78,1,0.0052676543855708635,22,4,0.06860685773495079,1,0,12.129047260601014
971,87,1,0.0032381197796681653,10,5,0.228481194657961,1,0,7.891221786438359
972,89,1,0.003329039613482367,17,4,0.11699841243766519,1,0,10.078543925893657
973,52,1,0.01986312801485297,6,2,0.4939598201051478,1,0,8.969354204295323
974,73,1,0.008885829863567472,16,5,0.12645450709881406,1,0,18.813285424069328
975,64,1,0.009485997520839763,4,8,0.28310745895622824,1,0,8.471397396020578
976,58,1,0.011242763206594071,5,3,0.37158058699848084,1,0,8.511684512090117
977,75,1,0.005711928071464211,8,3,0.170154602964927,1,0,5.853925939032705
978,53,1,0.018877115003127467,14,3,0.13937612309500763,1,0,16.784880113898573
979,96,1,0.000840525181100925,7,3,0.268404239518836,1,0,8.798097254197224
980,73,1,0.011327062522334851,3,6,0.8059251703556187,1,0,20.62159206351262
981,18,1,0.07178403677461795,3,3,0.6402086709630541,1,0,28.128617277222546
982,80,1,0.006933262098549137,8,6,0.20047467030567676,1,0,5.956644300526867
983,41,1,0.0290724514779985,7,4,0.2327016282404377,1,0,6.782207717899341
984,85,1,0.0032483203352163792,15,1,0.11879026461470596,1,0,9.154146456268267
985,41,1,0.03724098930513078,4,3,0.49491250937237463,1,0,22.82241319888454
986,86,1,0.004764967414555638,13,6,0.1541407094880968,1,0,7.7391711376710495
987,99,1,8.994829282260102e-05,18,3,0.11165020499104175,1,0,15.86613761239406
988,68,1,0.009183952978099926,4,2,0.5554238491839996,1,0,12.02010586509393
989,77,1,0.006942291669608938,6,4,0.4020950383496106,1,0,7.270484989792576
990,68,1,0.009011394768171964,12,1,0.2021479784841069,1,0,9.245110216056366
991,53,1,0.017466492331788354,2,6,0.5964406747873816,1,0,15.105302504485879
992,14,1,0.09722760943919725,14,0,0.11712120151757577,1,0,7.633346157417892
993,74,1,0.0077185545822826065,12,8,0.16053197593910798,1,0,3.625174865815717
994,60,1,0.009649888073117945,12,3,0.1900758164134586,1,0,5.160777398213945
995,79,1,0.005786664009052183,20,3,0.10384907089357352,1,0,31.91839835141312
996,28,1,0.038278101174431235,2,6,0.6008423565403149,1,0,7.792491188559815
997,30,1,0.040228004922737905,12,3,0.11949307656039794,1,0,6.8536167434101785
998,78,1,0.005760125873038044,7,8,0.42610503423449725,1,0,3.7342630595401793
999,59,1,0.013378206409678925,10,6,0.24104301530967276,1,0,6.267730226729577
