,NGamma,MGamma,TGamma,NTheta,MTheta,TTheta,
0,18041204,1,1.09E-08,46,24,0.041293043,
1,6873856,1,1.91E-07,58,18,0.032893071,
2,14452269,1,3.84E-08,125,22,0.016246729,
3,6029442,1,2.32E-07,25,28,0.076466621,
4,15510847,1,2.89E-08,1261,22,0.001599991,
5,15127956,1,3.22E-08,33,17,0.053981756,
6,18783575,1,6.48E-09,842,24,0.002377187,
7,19423731,1,2.97E-09,154,24,0.012077054,
8,19595314,1,2.06E-09,1328,14,0.001533445,
9,9211520,1,1.17E-07,96,24,0.019635147,
10,18258123,1,9.53E-09,404,20,0.004782089,
11,19345392,1,3.38E-09,168,25,0.011451241,
12,11590944,1,7.25E-08,59,16,0.034726388,
13,5329755,1,2.75E-07,3476,18,0.000579024,
14,19816909,1,9.25E-10,70,24,0.030518683,
15,17655507,1,1.33E-08,37,25,0.050534393,
16,13982362,1,4.30E-08,308,18,0.006546235,
17,13089735,1,5.28E-08,1213,17,0.001677247,
18,17830409,1,1.22E-08,501,16,0.003941268,
19,16957163,1,1.80E-08,81,17,0.027277465,
20,13612359,1,4.69E-08,18,22,0.09664874,
21,13971954,1,4.32E-08,26,23,0.086174062,
22,16326401,1,2.25E-08,44,36,0.047754007,
23,17705431,1,1.29E-08,34,30,0.051767355,
24,6678372,1,1.99E-07,49,26,0.043183757,
25,7052416,1,1.84E-07,33,18,0.066484708,
26,13117327,1,5.25E-08,68,26,0.02778848,
27,14033350,1,4.25E-08,39,30,0.053973303,
28,13552937,1,4.76E-08,133,20,0.015668446,
29,9281245,1,1.15E-07,581,24,0.003390458,
30,15275908,1,3.09E-08,223,25,0.009309205,
31,18602503,1,7.51E-09,63,19,0.030345246,
32,14656902,1,3.65E-08,10471,9,0.000192443,
33,15559044,1,2.85E-08,112,28,0.018003006,
34,7272570,1,1.75E-07,680,21,0.002851462,
35,14378535,1,3.91E-08,39,31,0.055215137,
36,17758581,1,1.26E-08,26,20,0.081464717,
37,10423229,1,9.19E-08,93,21,0.020306839,
38,2625602,1,6.62E-07,97,18,0.020412466,
39,3604518,1,4.55E-07,14,19,0.130974519,
40,4746837,1,3.21E-07,590,14,0.003436542,
41,19448847,1,2.83E-09,377,25,0.00545268,
42,17416323,1,1.48E-08,42,27,0.039004029,
43,16062642,1,2.45E-08,19,21,0.166402784,
44,16543107,1,2.09E-08,137,24,0.01502112,
45,9949580,1,1.01E-07,351,20,0.005732246,
46,5922606,1,2.38E-07,24,21,0.093742694,
47,5950421,1,2.36E-07,19,21,0.09333676,
48,18891125,1,5.86E-09,41,24,0.053342981,
49,16172942,1,2.37E-08,19,24,0.109629526,
50,14499950,1,3.79E-08,45,27,0.046550845,
51,3380890,1,4.92E-07,80,22,0.02703788,
52,19175938,1,4.29E-09,538,25,0.00372844,
53,7701167,1,1.60E-07,87,20,0.02206695,
54,14251587,1,4.03E-08,735,26,0.002762324,
55,19244389,1,3.93E-09,21,28,0.086357211,
56,4466075,1,3.48E-07,29,19,0.072321735,
57,11889999,1,6.82E-08,29,23,0.067303385,
58,8435282,1,1.37E-07,6,26,0.238368255,
59,16223955,1,2.33E-08,1661,32,0.001184611,
60,13325959,1,5.01E-08,24,27,0.080518581,
61,17464180,1,1.45E-08,42,23,0.046361829,
62,14534331,1,3.76E-08,1579,21,0.001239486,
63,14326140,1,3.96E-08,112,18,0.018749696,
64,12829760,1,5.59E-08,43,33,0.039737266,
65,9191644,1,1.18E-07,31,32,0.075768733,
66,19945206,1,2.74E-10,18,25,0.099066969,
67,14783619,1,3.53E-08,1465,13,0.001356332,
68,12177660,1,6.42E-08,95,14,0.021398504,
69,11038469,1,8.12E-08,54,28,0.036793558,
70,12996184,1,5.39E-08,107,26,0.021375763,
71,7827990,1,1.55E-07,222,20,0.009324965,
72,2109811,1,8.47E-07,53,18,0.038692046,
73,10157801,1,9.69E-08,170,18,0.012123504,
74,2914822,1,5.86E-07,101,24,0.020002206,
75,9062446,1,1.21E-07,49,22,0.038045092,
76,19184040,1,4.25E-09,34,27,0.058289672,
77,11715907,1,7.07E-08,26,15,0.082117254,
78,12612241,1,5.86E-08,180,29,0.010877129,
79,1333968,1,1.40E-06,7,21,0.316998239,
80,15820722,1,2.64E-08,186,27,0.010882837,
81,11187250,1,7.88E-08,318,23,0.006119286,
82,10903797,1,8.34E-08,151,29,0.013687397,
83,18345047,1,9.03E-09,118,29,0.017630077,
84,11489798,1,7.41E-08,83,26,0.022226998,
85,8732103,1,1.29E-07,23,25,0.077902618,
86,14070790,1,4.21E-08,56,23,0.034822665,
87,14025391,1,4.26E-08,86,24,0.021255159,
88,19266016,1,3.81E-09,49,24,0.043895695,
89,10825149,1,8.48E-08,12,26,0.195921091,
90,11541116,1,7.33E-08,101,25,0.018348854,
91,18288594,1,9.37E-09,476,23,0.004019288,
92,17632587,1,1.34E-08,33,26,0.065143657,
93,14847426,1,3.47E-08,149,23,0.013906169,
94,14911899,1,3.41E-08,40,24,0.043234723,
95,11490521,1,7.41E-08,69,26,0.032462325,
96,18439425,1,8.47E-09,19,28,0.117561298,
97,11152098,1,7.93E-08,156,25,0.012828739,
98,8797820,1,1.27E-07,149,16,0.013765978,
99,9674780,1,1.07E-07,235,21,0.008770893,
100,6786011,1,1.95E-07,28,32,0.067817032,
101,9242128,1,1.16E-07,105,21,0.019071381,
102,12907994,1,5.49E-08,95,26,0.020694006,
103,8967125,1,1.23E-07,41,25,0.047710154,
104,15925306,1,2.56E-08,746,18,0.002653185,
105,8155881,1,1.45E-07,184,18,0.01198588,
106,15749476,1,2.70E-08,60,36,0.031975594,
107,14518415,1,3.77E-08,26,32,0.078596881,
108,19960472,1,1.98E-10,163,26,0.013137109,
109,11880318,1,6.83E-08,73,18,0.028251266,
110,11036425,1,8.12E-08,40,24,0.052123187,
111,7321391,1,1.73E-07,50,25,0.046794621,
112,18603923,1,7.51E-09,101,23,0.020199245,
113,19504809,1,2.54E-09,48,15,0.040626511,
114,16096513,1,2.43E-08,39,25,0.051491984,
115,14725818,1,3.58E-08,76,23,0.0265816,
116,15856330,1,2.61E-08,17,19,0.113669372,
117,11535549,1,7.34E-08,1647,21,0.001189134,
118,15306585,1,3.07E-08,28,33,0.080585319,
119,18634330,1,7.34E-09,266,24,0.00798867,
120,16838270,1,1.88E-08,79,31,0.02606945,
121,15014909,1,3.32E-08,90,29,0.023942395,
122,18599008,1,7.53E-09,16,28,0.123301394,
123,7787308,1,1.57E-07,14,28,0.13322337,
124,19031155,1,5.08E-09,197,19,0.010281827,
125,15002441,1,3.33E-08,119,16,0.017549715,
126,14025309,1,4.26E-08,507,23,0.003867096,
127,13152242,1,5.21E-08,20,26,0.105045874,
128,6237502,1,2.21E-07,65,19,0.027841051,
129,16815932,1,1.89E-08,25,28,0.084715851,
130,2136901,1,8.36E-07,44,20,0.05122273,
131,18646523,1,7.26E-09,52,30,0.045578985,
132,16749895,1,1.94E-08,70,24,0.031256538,
133,16817438,1,1.89E-08,12,19,0.144491413,
134,15051112,1,3.29E-08,19,23,0.103630613,
135,9764705,1,1.05E-07,29,18,0.072339083,
136,3918067,1,4.10E-07,52,26,0.038859716,
137,15792202,1,2.66E-08,135,25,0.013922231,
138,19492412,1,2.61E-09,26,23,0.093093126,
139,10694953,1,8.70E-08,393,30,0.004953734,
140,3527702,1,4.67E-07,210,34,0.01039911,
141,9819516,1,1.04E-07,32,26,0.054094184,
142,5358991,1,2.73E-07,1358,18,0.0014987,
143,19601754,1,2.03E-09,455,23,0.004346086,
144,4061073,1,3.92E-07,61,26,0.034585885,
145,15720719,1,2.72E-08,60,26,0.036970155,
146,14434243,1,3.86E-08,83,30,0.022602277,
147,13885683,1,4.41E-08,68,30,0.028288873,
148,7050692,1,1.84E-07,388,19,0.005025925,
149,9543969,1,1.10E-07,1586,11,0.001262958,
150,16606474,1,2.04E-08,81,21,0.023455807,
151,4691231,1,3.26E-07,195,19,0.011017544,
152,13276996,1,5.06E-08,75,30,0.026477065,
153,16851123,1,1.87E-08,266,21,0.007850032,
154,17700549,1,1.30E-08,136,25,0.015409962,
155,18478590,1,8.23E-09,250,13,0.008153618,
156,19629855,1,1.88E-09,408,18,0.005096075,
157,5911364,1,2.38E-07,289,16,0.007073916,
158,19338433,1,3.42E-09,10,26,0.167977234,
159,17164556,1,1.65E-08,106,25,0.018323798,
160,8975642,1,1.23E-07,21,26,0.105159843,
161,16690938,1,1.98E-08,40,34,0.057039633,
162,8212958,1,1.44E-07,693,29,0.002872732,
163,12711847,1,5.74E-08,208,27,0.009609656,
164,14837451,1,3.48E-08,226,19,0.00906822,
165,11231755,1,7.81E-08,300,22,0.006874453,
166,2988818,1,5.69E-07,153,19,0.012950445,
167,4285028,1,3.67E-07,206,16,0.009408774,
168,14175157,1,4.11E-08,283,19,0.007155147,
169,17354086,1,1.52E-08,3319,19,0.000597469,
170,16855492,1,1.87E-08,192,17,0.01089392,
171,18462543,1,8.33E-09,32,22,0.070736908,
172,16253063,1,2.31E-08,22,20,0.097687371,
173,16585637,1,2.06E-08,272,21,0.00763493,
174,16719970,1,1.96E-08,38,27,0.057210904,
175,13516781,1,4.80E-08,228,26,0.008851084,
176,15918591,1,2.57E-08,14,24,0.136530321,
177,19222431,1,4.04E-09,63,23,0.031822045,
178,17396099,1,1.49E-08,207,33,0.009352079,
179,16031450,1,2.48E-08,197,27,0.010213424,
180,8489879,1,1.36E-07,157,27,0.012183404,
181,19251094,1,3.89E-09,38,25,0.04906847,
182,14528817,1,3.76E-08,166,20,0.012334305,
183,10054896,1,9.90E-08,247,25,0.008151272,
184,17053579,1,1.73E-08,21,20,0.086723632,
185,15347864,1,3.03E-08,121,21,0.018221188,
186,12761976,1,5.67E-08,92,24,0.02195909,
187,13409501,1,4.91E-08,130,21,0.015321189,
188,19513716,1,2.50E-09,25,26,0.080410062,
189,15202779,1,3.16E-08,189,25,0.010143177,
190,13640593,1,4.66E-08,56,22,0.036305658,
191,7149905,1,1.80E-07,56,28,0.040755939,
192,10454716,1,9.13E-08,654,24,0.003097152,
193,9774631,1,1.05E-07,63,18,0.030322358,
194,9034273,1,1.21E-07,6116,9,0.000324217,
195,7192746,1,1.78E-07,71,22,0.028488108,
196,19545745,1,2.32E-09,25,29,0.0805956,
197,14308436,1,3.98E-08,32,21,0.066386018,
198,13725638,1,4.57E-08,97,29,0.019029848,
199,11891578,1,6.82E-08,139,24,0.015103854,
200,18125723,1,1.03E-08,46,24,0.038385689,
201,8075259,1,1.48E-07,39,25,0.047508327,
202,6223340,1,2.21E-07,221,23,0.009355857,
203,19494254,1,2.58E-09,103,24,0.021302484,
204,18206401,1,9.87E-09,50,22,0.033938274,
205,10384722,1,9.26E-08,87,18,0.022118779,
206,15889109,1,2.59E-08,293,17,0.006699812,
207,17360029,1,1.52E-08,540,18,0.003622379,
208,10431066,1,9.17E-08,46,24,0.038578916,
209,16950164,1,1.80E-08,139,28,0.013480393,
210,9591878,1,1.09E-07,84,20,0.02507306,
211,16816877,1,1.89E-08,102,17,0.024775197,
212,11647173,1,7.17E-08,44,27,0.044364123,
213,18200946,1,9.89E-09,727,24,0.002617392,
214,18648132,1,7.25E-09,42,19,0.046844583,
215,3499700,1,4.71E-07,15,22,0.129895668,
216,10956847,1,8.25E-08,29,18,0.071726115,
217,9095339,1,1.20E-07,27,26,0.07228294,
218,13075295,1,5.30E-08,176,27,0.010979075,
219,18231970,1,9.69E-09,1841,22,0.001086173,
220,19990675,1,4.63E-11,37,25,0.055633878,
221,15839614,1,2.63E-08,15,25,0.113619597,
222,19866690,1,6.72E-10,64,24,0.02914081,
223,14217159,1,4.07E-08,219,22,0.00906541,
224,11571140,1,7.29E-08,50,31,0.044721195,
225,14124363,1,4.16E-08,111,23,0.017037418,
226,11905655,1,6.80E-08,9674,22,0.000206428,
227,19042695,1,5.03E-09,185,28,0.010177956,
228,15134500,1,3.22E-08,37,27,0.060480855,
229,14807656,1,3.51E-08,100,24,0.020550983,
230,18318301,1,9.18E-09,13,19,0.144981783,
231,9060451,1,1.21E-07,59,23,0.034258435,
232,18482058,1,8.22E-09,55,19,0.034296397,
233,6142815,1,2.25E-07,64,22,0.033561054,
234,11399435,1,7.55E-08,122,20,0.017192531,
235,10040668,1,9.92E-08,15,21,0.129290523,
236,16321520,1,2.25E-08,46,19,0.042813866,
237,18783010,1,6.48E-09,58,32,0.03196339,
238,3867642,1,4.17E-07,69,18,0.032272689,
239,14980180,1,3.35E-08,91,23,0.020907197,
240,17809588,1,1.23E-08,39,25,0.04940782,
241,17996706,1,1.11E-08,97,16,0.018913918,
242,15987052,1,2.51E-08,71,26,0.028454652,
243,15128607,1,3.22E-08,22,23,0.090117778,
244,16403968,1,2.19E-08,236,28,0.008074787,
245,16935068,1,1.81E-08,553,22,0.003775355,
246,18103960,1,1.05E-08,16,24,0.127710681,
247,5939862,1,2.37E-07,21,29,0.08051676,
248,19844378,1,7.86E-10,18,26,0.107446824,
249,14825497,1,3.49E-08,163,26,0.012858036,
250,12198678,1,6.40E-08,53,22,0.040041586,
251,15151566,1,3.20E-08,15,21,0.139188374,
252,17413566,1,1.48E-08,120,20,0.016395725,
253,14442228,1,3.85E-08,192,21,0.010134038,
254,14965957,1,3.36E-08,36,25,0.057360549,
255,17536145,1,1.41E-08,65,27,0.032869464,
256,10820327,1,8.48E-08,460,21,0.004405494,
257,14467791,1,3.82E-08,99,26,0.020616252,
258,19630387,1,1.88E-09,30,32,0.063984592,
259,15068396,1,3.27E-08,77,21,0.025454111,
260,18171772,1,1.01E-08,146,28,0.013746564,
261,6498174,1,2.08E-07,20,20,0.105658053,
262,15353672,1,3.03E-08,63,18,0.030153414,
263,16803515,1,1.90E-08,67,21,0.031593756,
264,19266207,1,3.81E-09,31,25,0.068035675,
265,19870959,1,6.49E-10,82,18,0.023271948,
266,18674081,1,7.09E-09,66,26,0.032530613,
267,7023177,1,1.85E-07,53,30,0.039228039,
268,14621129,1,3.68E-08,19,29,0.085313159,
269,10697008,1,8.70E-08,37,16,0.043571522,
270,17745732,1,1.27E-08,40,23,0.045143354,
271,7619915,1,1.62E-07,182,31,0.010444971,
272,10654466,1,8.77E-08,23,17,0.073635593,
273,15176447,1,3.18E-08,79,22,0.026285792,
274,13336150,1,5.00E-08,199,29,0.009779109,
275,18457124,1,8.37E-09,67,26,0.027176074,
276,16953261,1,1.80E-08,557,18,0.003441432,
277,15390781,1,2.99E-08,26,31,0.080561174,
278,17516936,1,1.42E-08,310,24,0.006139563,
279,3766024,1,4.31E-07,15,23,0.126138182,
280,12438966,1,6.08E-08,33,26,0.05479243,
281,13504144,1,4.81E-08,40,17,0.050093369,
282,14562044,1,3.73E-08,27,31,0.073516257,
283,10777934,1,8.55E-08,171,18,0.011773525,
284,13844560,1,4.45E-08,120,25,0.016623457,
285,19453151,1,2.82E-09,1141,28,0.001748174,
286,19372310,1,3.24E-09,30,21,0.061823371,
287,4029786,1,3.96E-07,20,25,0.094661865,
288,17265662,1,1.58E-08,18,19,0.111308451,
289,7321743,1,1.73E-07,561,23,0.003676298,
290,14042100,1,4.24E-08,82,22,0.022452314,
291,18167590,1,1.01E-08,106,29,0.019335153,
292,14619218,1,3.68E-08,172,25,0.01129186,
293,14160849,1,4.12E-08,28,29,0.080466803,
294,10901044,1,8.35E-08,83,28,0.023359325,
295,7216757,1,1.77E-07,38,21,0.049045368,
296,14701896,1,3.60E-08,41,21,0.055756543,
297,5500050,1,2.64E-07,134,19,0.015423045,
298,6614234,1,2.02E-07,80,26,0.025520264,
299,17403591,1,1.49E-08,105,22,0.019193686,
300,7320518,1,1.73E-07,87,21,0.026648603,
301,19413730,1,3.03E-09,22,30,0.076661832,
302,12317520,1,6.24E-08,95,24,0.022423088,
303,8486220,1,1.36E-07,138,21,0.014958193,
304,16015888,1,2.49E-08,204,22,0.01087867,
305,16330179,1,2.25E-08,339,19,0.005838686,
306,17032977,1,1.74E-08,38,31,0.048046205,
307,19869039,1,6.62E-10,92,38,0.023732682,
308,14044719,1,4.24E-08,183,26,0.01089348,
309,10177435,1,9.65E-08,415,23,0.004740441,
310,7958390,1,1.51E-07,95,23,0.02202376,
311,15287664,1,3.08E-08,194,23,0.010600397,
312,13848207,1,4.44E-08,20,26,0.088011476,
313,6650525,1,2.01E-07,46,21,0.044216785,
314,17748112,1,1.27E-08,56,28,0.031181161,
315,13844638,1,4.44E-08,65,19,0.029273814,
316,5380971,1,2.72E-07,244,19,0.008140121,
317,9149945,1,1.19E-07,33,32,0.061375781,
318,6191435,1,2.23E-07,613,13,0.003214707,
319,17093451,1,1.70E-08,75,25,0.024960086,
320,17947693,1,1.14E-08,573,20,0.003732951,
321,18979120,1,5.38E-09,48,20,0.046231462,
322,16193002,1,2.35E-08,20,30,0.097192309,
323,7021618,1,1.85E-07,71,30,0.027858141,
324,4628062,1,3.32E-07,18,25,0.084197074,
325,15972185,1,2.52E-08,16,25,0.13111551,
326,19675391,1,1.65E-09,31,30,0.067943965,
327,8902630,1,1.25E-07,49,23,0.035812793,
328,12464847,1,6.05E-08,13,34,0.116864999,
329,4734178,1,3.22E-07,416,18,0.004822677,
330,17359871,1,1.52E-08,61,24,0.032955764,
331,17956587,1,1.14E-08,193,27,0.010492894,
332,15673012,1,2.76E-08,50,25,0.042629385,
333,8217029,1,1.43E-07,96,22,0.020739222,
334,10415567,1,9.20E-08,1147,29,0.001687037,
335,13167340,1,5.19E-08,102,16,0.019738421,
336,12882131,1,5.53E-08,32,23,0.056523183,
337,8814552,1,1.27E-07,155,30,0.013119023,
338,17783832,1,1.25E-08,38,31,0.043780951,
339,10193769,1,9.62E-08,59,27,0.03264086,
340,13472016,1,4.85E-08,111,29,0.016499943,
341,10228224,1,9.56E-08,35,21,0.057124585,
342,9777564,1,1.05E-07,472,18,0.004194937,
343,19803491,1,9.96E-10,18,29,0.094690948,
344,18409075,1,8.64E-09,166,21,0.012128738,
345,18730794,1,6.79E-09,250,34,0.008364864,
346,18164201,1,1.01E-08,41,22,0.052741522,
347,12814513,1,5.61E-08,133,22,0.015281081,
348,16219864,1,2.33E-08,19,31,0.09608799,
349,14653797,1,3.65E-08,17,25,0.139491879,
350,11643422,1,7.18E-08,25,22,0.116653266,
351,10881627,1,8.38E-08,93,28,0.020699406,
352,12469621,1,6.04E-08,21,27,0.103099469,
353,9053558,1,1.21E-07,39,39,0.052508966,
354,12486380,1,6.02E-08,27,23,0.065762781,
355,18171817,1,1.00E-08,147,24,0.01327985,
356,7595589,1,1.63E-07,26,24,0.076961024,
357,9606998,1,1.08E-07,24,25,0.089561728,
358,11780318,1,6.98E-08,31,29,0.063367657,
359,12677587,1,5.78E-08,47,25,0.043878262,
360,19129442,1,4.55E-09,326,28,0.006111229,
361,15929774,1,2.55E-08,21,27,0.087390294,
362,19976234,1,1.19E-10,97,26,0.020016645,
363,19454210,1,2.81E-09,44,19,0.041217557,
364,9587188,1,1.09E-07,18,30,0.108420411,
365,8266548,1,1.42E-07,26,23,0.075268231,
366,12293448,1,6.27E-08,268,24,0.006767324,
367,7962511,1,1.51E-07,90,20,0.022286998,
368,18651470,1,7.24E-09,41,33,0.055478783,
369,14124337,1,4.16E-08,13,15,0.151389628,
370,19157193,1,4.39E-09,54,26,0.03577103,
371,2926623,1,5.84E-07,34,20,0.070717096,
372,7896123,1,1.53E-07,72,25,0.026491513,
373,7817865,1,1.56E-07,183,23,0.011080066,
374,16862402,1,1.86E-08,47,22,0.043368975,
375,14355748,1,3.93E-08,138,21,0.014591912,
376,10183709,1,9.64E-08,47,30,0.049107523,
377,17596139,1,1.37E-08,24,26,0.098170156,
378,12456986,1,6.05E-08,159,20,0.011794971,
379,18003889,1,1.11E-08,29,25,0.068760387,
380,16056952,1,2.45E-08,226,27,0.009018955,
381,17524707,1,1.41E-08,28,24,0.072884967,
382,14426821,1,3.86E-08,312,19,0.006102547,
383,18649761,1,7.25E-09,29,19,0.078673885,
384,13069903,1,5.30E-08,22,20,0.087380905,
385,17338283,1,1.53E-08,74,18,0.02891741,
386,19475046,1,2.69E-09,53,23,0.036241889,
387,13166281,1,5.19E-08,25,33,0.089721007,
388,11299986,1,7.70E-08,70,28,0.025540352,
389,19613295,1,1.97E-09,119,26,0.015361374,
390,15400486,1,2.99E-08,536,24,0.003816622,
391,17928357,1,1.16E-08,1486,24,0.001341563,
392,8180068,1,1.44E-07,61,25,0.032691677,
393,14971889,1,3.36E-08,28,24,0.065286176,
394,19174433,1,4.30E-09,46,23,0.039128428,
395,16850665,1,1.87E-08,84,28,0.026447514,
396,18768204,1,6.56E-09,27,29,0.077680407,
397,16482474,1,2.14E-08,242,21,0.008223883,
398,16467563,1,2.14E-08,11,26,0.131732761,
399,15446105,1,2.95E-08,181,22,0.011160664,
400,12836927,1,5.58E-08,124,27,0.015958636,
401,19036338,1,5.07E-09,118,25,0.018157291,
402,15202685,1,3.16E-08,148,25,0.013460013,
403,15209626,1,3.15E-08,252,24,0.00815968,
404,16650482,1,2.01E-08,789,15,0.002541743,
405,15554862,1,2.86E-08,35,21,0.057586697,
406,11518708,1,7.36E-08,63,24,0.036070215,
407,18984521,1,5.35E-09,75,25,0.031221493,
408,5999799,1,2.33E-07,50,24,0.036002817,
409,19733797,1,1.35E-09,28,24,0.069222299,
410,19765581,1,1.18E-09,12,22,0.169349644,
411,10178592,1,9.65E-08,116,16,0.018013423,
412,17462698,1,1.45E-08,29,30,0.062729202,
413,16629171,1,2.03E-08,163,24,0.012001714,
414,6681107,1,1.99E-07,13,27,0.13532714,
415,13445021,1,4.88E-08,46,28,0.043775721,
416,6874436,1,1.91E-07,113,23,0.017887706,
417,9582054,1,1.09E-07,19,26,0.120360351,
418,7808552,1,1.56E-07,39,23,0.054710128,
419,8956286,1,1.23E-07,449,26,0.004373162,
420,12843694,1,5.57E-08,50,33,0.036448424,
421,16855702,1,1.87E-08,28,30,0.075780841,
422,6495273,1,2.08E-07,191,18,0.010380908,
423,13832192,1,4.46E-08,115,29,0.017777008,
424,13985322,1,4.30E-08,159,23,0.012861176,
425,19108778,1,4.66E-09,98,18,0.021406478,
426,15980817,1,2.51E-08,65,30,0.026396673,
427,5022975,1,2.98E-07,85,19,0.024708033,
428,17720311,1,1.29E-08,34,19,0.054773456,
429,7017012,1,1.85E-07,36,23,0.06004837,
430,16075928,1,2.44E-08,78,28,0.026542363,
431,17008315,1,1.76E-08,484,24,0.004353467,
432,8846547,1,1.26E-07,1232,22,0.001606912,
433,19445076,1,2.86E-09,45,29,0.038167927,
434,18676276,1,7.08E-09,56,28,0.034306515,
435,13981326,1,4.31E-08,43,23,0.046943663,
436,19082396,1,4.81E-09,55,30,0.032237824,
437,11781530,1,6.98E-08,68,26,0.031095583,
438,14148322,1,4.14E-08,38,25,0.04926593,
439,12583682,1,5.89E-08,680,19,0.002931217,
440,18455960,1,8.37E-09,16,27,0.110451994,
441,18244355,1,9.62E-09,18,28,0.116708766,
442,18440114,1,8.45E-09,37,20,0.058360352,
443,7126808,1,1.81E-07,43,23,0.049821266,
444,5100153,1,2.92E-07,29,25,0.068959006,
445,15249923,1,3.12E-08,16,22,0.122208424,
446,18689697,1,7.02E-09,58,22,0.031289739,
447,10235919,1,9.54E-08,61,22,0.034195939,
448,5929108,1,2.37E-07,19,28,0.111147381,
449,17437352,1,1.47E-08,67,26,0.029117589,
450,17544945,1,1.40E-08,778,23,0.002496645,
451,8374941,1,1.39E-07,102,20,0.01962855,
452,12526264,1,5.97E-08,63,34,0.035144842,
453,6574311,1,2.04E-07,21,25,0.097610932,
454,7445165,1,1.69E-07,109,29,0.018449972,
455,8805980,1,1.27E-07,55,27,0.035629574,
456,18878012,1,5.94E-09,42,29,0.046147922,
457,14102746,1,4.18E-08,75,22,0.027972542,
458,15092111,1,3.25E-08,137,25,0.015514134,
459,9644850,1,1.07E-07,51,23,0.040154672,
460,8015467,1,1.50E-07,285,20,0.006596824,
461,9702796,1,1.06E-07,555,19,0.003703498,
462,6587066,1,2.04E-07,29,30,0.068123662,
463,19617156,1,1.95E-09,481,20,0.00433883,
464,9680837,1,1.07E-07,52,26,0.042115913,
465,18890102,1,5.88E-09,47,30,0.041013793,
466,17727467,1,1.28E-08,234,12,0.00880062,
467,18606294,1,7.49E-09,45,24,0.047502766,
468,18773397,1,6.54E-09,709,22,0.002723164,
469,3518854,1,4.68E-07,141,21,0.014286914,
470,8054926,1,1.48E-07,103,20,0.022151215,
471,14868388,1,3.45E-08,321,25,0.005922066,
472,19643989,1,1.82E-09,209,27,0.010030959,
473,19560059,1,2.26E-09,212,23,0.009927914,
474,7535220,1,1.66E-07,41,22,0.047952012,
475,6354198,1,2.15E-07,105,18,0.01970764,
476,9313281,1,1.15E-07,89,27,0.026144192,
477,16420455,1,2.18E-08,313,27,0.006334034,
478,16217913,1,2.33E-08,784,20,0.002545182,
479,13570411,1,4.74E-08,606,17,0.003297162,
480,15624408,1,2.80E-08,21,24,0.070828865,
481,10478673,1,9.09E-08,20,22,0.105746955,
482,16665059,1,2.00E-08,115,20,0.016763091,
483,16344445,1,2.24E-08,144,22,0.013491121,
484,10553217,1,8.95E-08,101,19,0.02000554,
485,16121974,1,2.40E-08,14,28,0.115368122,
486,17349412,1,1.53E-08,51,24,0.039613121,
487,16365815,1,2.22E-08,51,28,0.037711905,
488,19279838,1,3.74E-09,27,33,0.074356187,
489,17737011,1,1.27E-08,110,28,0.018957479,
490,6885862,1,1.90E-07,51,24,0.040148713,
491,17499506,1,1.43E-08,47,27,0.047293661,
492,19003174,1,5.24E-09,58,33,0.031979773,
493,17770895,1,1.25E-08,66,24,0.028841081,
494,16164498,1,2.37E-08,138,27,0.014292241,
495,607725,1,3.19E-06,228,21,0.008983864,
496,7322629,1,1.73E-07,350,15,0.005983891,
497,9443049,1,1.12E-07,46,23,0.048491702,
498,13998610,1,4.29E-08,28,24,0.080464935,
499,2892912,1,5.91E-07,51,30,0.040841993,
500,5840548,1,2.42E-07,41,30,0.051192072,
501,2821665,1,6.09E-07,19,31,0.093788126,
502,9598612,1,1.08E-07,64,22,0.031190858,
503,2546605,1,6.86E-07,65,24,0.032922144,
504,11846364,1,6.88E-08,17,26,0.10820948,
505,16106663,1,2.42E-08,33,24,0.052856698,
506,4664445,1,3.29E-07,37,19,0.061437961,
507,11943908,1,6.75E-08,525,20,0.00390145,
508,11795442,1,6.96E-08,35,20,0.056579968,
509,16047443,1,2.46E-08,101,25,0.018908438,
510,18924909,1,5.69E-09,46,21,0.043945051,
511,7725281,1,1.59E-07,90,25,0.02232842,
512,9639188,1,1.08E-07,47,24,0.043527383,
513,19709390,1,1.48E-09,87,25,0.023459266,
514,4748410,1,3.21E-07,57,25,0.03994339,
515,10405133,1,9.22E-08,1332,20,0.001487561,
516,19840134,1,8.06E-10,7160,23,0.000274426,
517,17297427,1,1.56E-08,206,26,0.009504714,
518,3401642,1,4.88E-07,114,19,0.016973101,
519,19563043,1,2.23E-09,377,12,0.005599041,
520,16187205,1,2.36E-08,20,26,0.094363374,
521,13360054,1,4.97E-08,80,24,0.024405256,
522,7851947,1,1.55E-07,57,28,0.034426099,
523,7674558,1,1.61E-07,17,27,0.113328134,
524,15969230,1,2.52E-08,177,26,0.011213559,
525,12819269,1,5.60E-08,74,25,0.031959449,
526,15134925,1,3.22E-08,210,27,0.009741756,
527,7245437,1,1.76E-07,60,18,0.036244824,
528,9271609,1,1.16E-07,39,30,0.050895986,
529,18397996,1,8.69E-09,123,26,0.018427045,
530,10931058,1,8.30E-08,42,21,0.043548797,
531,4827902,1,3.14E-07,118,21,0.018306771,
532,18368846,1,8.87E-09,28,17,0.070670099,
533,12020877,1,6.64E-08,30,39,0.067084888,
534,13836415,1,4.45E-08,193,24,0.010626655,
535,7752732,1,1.58E-07,429,21,0.004516488,
536,11395168,1,7.55E-08,40,33,0.044773373,
537,15899969,1,2.58E-08,173,22,0.011095448,
538,18793519,1,6.42E-09,30,27,0.066060315,
539,16647881,1,2.01E-08,178,26,0.012014114,
540,18121048,1,1.04E-08,108,20,0.017627085,
541,13474960,1,4.84E-08,26,26,0.065854445,
542,8337432,1,1.40E-07,34,29,0.054263482,
543,16245420,1,2.31E-08,45,23,0.056135198,
544,6559958,1,2.05E-07,51,30,0.035041551,
545,11047045,1,8.10E-08,874,21,0.002266127,
546,6707370,1,1.98E-07,15,28,0.11822295,
547,16373523,1,2.21E-08,68,28,0.028683238,
548,16332029,1,2.25E-08,99,31,0.020084908,
549,9310773,1,1.15E-07,1454,13,0.001374599,
550,16572581,1,2.07E-08,384,19,0.005349694,
551,16495653,1,2.12E-08,606,19,0.003396198,
552,13521176,1,4.79E-08,247,29,0.007667809,
553,18705350,1,6.92E-09,23,32,0.096490817,
554,12390003,1,6.14E-08,39,17,0.049777598,
555,15586563,1,2.83E-08,16,23,0.118246418,
556,10857053,1,8.42E-08,43,33,0.046241702,
557,16638572,1,2.02E-08,17,27,0.110571247,
558,12677503,1,5.77E-08,84,20,0.025669409,
559,17956995,1,1.14E-08,71,18,0.025073094,
560,14590717,1,3.71E-08,319,17,0.006113057,
561,9146038,1,1.19E-07,119,20,0.017001009,
562,17868792,1,1.19E-08,104,25,0.018001449,
563,15406366,1,2.98E-08,230,24,0.009002834,
564,8618350,1,1.32E-07,372,16,0.005487035,
565,9825274,1,1.04E-07,17,17,0.131835243,
566,6429404,1,2.11E-07,29,23,0.064388523,
567,12187678,1,6.41E-08,54,25,0.038295453,
568,11224296,1,7.82E-08,33,23,0.056173408,
569,15946763,1,2.54E-08,21,29,0.100312056,
570,9725983,1,1.06E-07,38,26,0.051146025,
571,8030927,1,1.49E-07,42,17,0.054528536,
572,18890887,1,5.87E-09,7457,13,0.000270406,
573,17332108,1,1.54E-08,17,17,0.116639954,
574,12158101,1,6.45E-08,210,25,0.009696751,
575,14290621,1,4.00E-08,1574,17,0.001287168,
576,18491216,1,8.17E-09,52,29,0.036026012,
577,10788199,1,8.54E-08,58,26,0.035749785,
578,15864143,1,2.61E-08,299,25,0.006752425,
579,11099911,1,8.01E-08,222,17,0.008974929,
580,8040564,1,1.49E-07,25,24,0.071013525,
581,18499853,1,8.10E-09,320,26,0.006101974,
582,14266135,1,4.02E-08,20,17,0.115221001,
583,11792164,1,6.96E-08,40,25,0.043608891,
584,5437134,1,2.68E-07,14,25,0.112112233,
585,19336833,1,3.43E-09,140,28,0.015003272,
586,12053631,1,6.59E-08,97,23,0.021145673,
587,7891366,1,1.53E-07,20,21,0.102797332,
588,18061049,1,1.07E-08,28,19,0.089864444,
589,15198464,1,3.16E-08,236,24,0.008198733,
590,17403367,1,1.49E-08,26,30,0.076016663,
591,7522942,1,1.66E-07,118,29,0.0179861,
592,14741707,1,3.57E-08,21,22,0.087821524,
593,17862793,1,1.20E-08,34,30,0.056246945,
594,15215572,1,3.15E-08,34,33,0.057627174,
595,19963885,1,1.80E-10,27,34,0.070168393,
596,13790963,1,4.51E-08,1868,25,0.001104756,
597,12343850,1,6.20E-08,51,14,0.03732713,
598,16811457,1,1.90E-08,30,28,0.068004068,
599,5139384,1,2.89E-07,189,20,0.010698073,
600,19575519,1,2.16E-09,74,20,0.027924745,
601,16890636,1,1.84E-08,9,38,0.225893296,
602,11783832,1,6.97E-08,73,17,0.027429141,
603,16623916,1,2.03E-08,28,23,0.083632143,
604,17369613,1,1.51E-08,24,32,0.077103756,
605,7597272,1,1.63E-07,7,23,0.249307694,
606,16076481,1,2.44E-08,47,26,0.043081564,
607,2645068,1,6.56E-07,78,21,0.02637261,
608,15343924,1,3.04E-08,488,26,0.004060186,
609,6888755,1,1.90E-07,131,20,0.015295363,
610,6253019,1,2.20E-07,16,17,0.107859545,
611,18840211,1,6.15E-09,374,19,0.005303454,
612,13148666,1,5.21E-08,39,14,0.052684433,
613,5797510,1,2.45E-07,155,17,0.012588303,
614,19851373,1,7.51E-10,105,34,0.017967811,
615,12765465,1,5.67E-08,31,26,0.07071678,
616,17811341,1,1.23E-08,25,31,0.081833129,
617,13831150,1,4.46E-08,226,29,0.00890435,
618,19910813,1,4.47E-10,15,38,0.160940147,
619,14289227,1,4.00E-08,23,28,0.093049206,
620,17962630,1,1.13E-08,171,22,0.011354107,
621,17601707,1,1.36E-08,29,19,0.063964099,
622,12654433,1,5.80E-08,142,27,0.01371051,
623,11451133,1,7.47E-08,308,28,0.006617076,
624,11785571,1,6.97E-08,28,24,0.063694828,
625,19704228,1,1.50E-09,226,26,0.008555375,
626,7140076,1,1.80E-07,23,17,0.089167108,
627,16964348,1,1.79E-08,41,22,0.050348154,
628,16626191,1,2.03E-08,61,18,0.035548165,
629,5976416,1,2.35E-07,281,17,0.007070669,
630,4070692,1,3.91E-07,30,13,0.072246183,
631,7740817,1,1.58E-07,321,25,0.006159799,
632,15862152,1,2.61E-08,91,33,0.0227272,
633,14410189,1,3.88E-08,74,20,0.030568145,
634,19501350,1,2.57E-09,65,31,0.029027514,
635,13982387,1,4.30E-08,161,26,0.012087864,
636,5636935,1,2.55E-07,42,23,0.046397268,
637,15399803,1,2.99E-08,51,20,0.038248761,
638,12852276,1,5.56E-08,97,34,0.022090479,
639,14649674,1,3.65E-08,116,25,0.018846343,
640,11750932,1,7.02E-08,104,28,0.018134904,
641,14857272,1,3.46E-08,15,44,0.106465387,
642,15652748,1,2.78E-08,25,32,0.080926557,
643,14730774,1,3.58E-08,27,29,0.075800272,
644,14525194,1,3.77E-08,11,28,0.164766317,
645,17865685,1,1.20E-08,58,26,0.037556881,
646,19631663,1,1.87E-09,86,19,0.023364186,
647,12510281,1,5.99E-08,224,18,0.009183163,
648,17252884,1,1.59E-08,37,23,0.05777527,
649,17509050,1,1.42E-08,105,27,0.018932735,
650,14712161,1,3.59E-08,417,27,0.004675529,
651,8114682,1,1.46E-07,73,29,0.026086105,
652,16301954,1,2.27E-08,19,25,0.092341962,
653,11447613,1,7.47E-08,289,20,0.006856101,
654,16452345,1,2.16E-08,68,24,0.028020986,
655,19097109,1,4.73E-09,90,22,0.022817973,
656,16681187,1,1.99E-08,37,28,0.047436601,
657,13846060,1,4.44E-08,35,26,0.060791201,
658,13747297,1,4.55E-08,108,21,0.020260853,
659,9467585,1,1.11E-07,56,28,0.034074084,
660,13261789,1,5.08E-08,48,22,0.039367605,
661,15196765,1,3.16E-08,44,23,0.05115368,
662,19775158,1,1.14E-09,135,21,0.016266044,
663,4271482,1,3.68E-07,49,17,0.034747559,
664,16058351,1,2.46E-08,28,21,0.064443887,
665,14563994,1,3.73E-08,36,36,0.052885546,
666,14037424,1,4.25E-08,37,22,0.052839081,
667,10187509,1,9.63E-08,71,23,0.029686865,
668,6782898,1,1.95E-07,39,21,0.049455657,
669,5785025,1,2.46E-07,22,29,0.097887454,
670,18372565,1,8.85E-09,81,32,0.023256648,
671,9518945,1,1.10E-07,134,24,0.014683309,
672,19775000,1,1.14E-09,289,30,0.007147889,
673,12007895,1,6.65E-08,255,21,0.007438149,
674,17404505,1,1.49E-08,110,25,0.019824533,
675,17081802,1,1.71E-08,223,17,0.008833192,
676,13867764,1,4.42E-08,60,35,0.032011849,
677,8069753,1,1.48E-07,87,12,0.023018445,
678,5956070,1,2.36E-07,302,23,0.006873424,
679,9046880,1,1.21E-07,65,27,0.033940269,
680,19620719,1,1.93E-09,80,22,0.02816395,
681,9177715,1,1.18E-07,721,26,0.002721882,
682,5803227,1,2.45E-07,84,26,0.024975311,
683,18423999,1,8.56E-09,23,26,0.089252782,
684,19406784,1,3.06E-09,36,26,0.05217925,
685,13309274,1,5.03E-08,246,17,0.007766235,
686,10906745,1,8.33E-08,49,17,0.045372124,
687,4782855,1,3.18E-07,103,23,0.018002703,
688,7020669,1,1.85E-07,79,21,0.025742461,
689,18108026,1,1.05E-08,68,31,0.03033281,
690,10649353,1,8.78E-08,3444,23,0.000585875,
691,7666563,1,1.61E-07,287,18,0.006864504,
692,7291412,1,1.74E-07,151,33,0.014220003,
693,5373772,1,2.72E-07,174,20,0.010492667,
694,9297769,1,1.15E-07,36,23,0.057233028,
695,13881006,1,4.41E-08,17,27,0.136857094,
696,11816227,1,6.93E-08,17,24,0.088204265,
697,16997653,1,1.77E-08,32,37,0.059008884,
698,19861132,1,6.98E-10,51,30,0.0364614,
699,13420113,1,4.90E-08,34,23,0.06244685,
700,1941396,1,9.30E-07,93,17,0.020069219,
701,13877861,1,4.41E-08,29,23,0.075379717,
702,16162344,1,2.38E-08,73,21,0.025750973,
703,14681431,1,3.62E-08,31,24,0.067490582,
704,12256004,1,6.32E-08,26,16,0.073516443,
705,1743423,1,1.05E-06,36,24,0.052684966,
706,17438801,1,1.47E-08,121,31,0.016325097,
707,17281820,1,1.57E-08,316,24,0.00598455,
708,15039622,1,3.30E-08,205,24,0.009831377,
709,1036226,1,1.83E-06,62,20,0.033646261,
710,13182152,1,5.17E-08,49,25,0.041607295,
711,9783295,1,1.04E-07,81,26,0.025110495,
712,13749653,1,4.55E-08,25,19,0.069805052,
713,17059055,1,1.72E-08,31,29,0.071093921,
714,19945577,1,2.74E-10,157,29,0.013007712,
715,11143396,1,7.95E-08,245,23,0.008101907,
716,16347877,1,2.23E-08,669,19,0.003083334,
717,12168334,1,6.44E-08,44,21,0.041439484,
718,19581111,1,2.14E-09,827,25,0.00237041,
719,18425425,1,8.54E-09,121,19,0.017462141,
720,15745664,1,2.70E-08,65,22,0.02877071,
721,18521176,1,7.99E-09,29,24,0.063681784,
722,12472267,1,6.03E-08,65,26,0.026186471,
723,15442039,1,2.95E-08,117,20,0.017807982,
724,12758609,1,5.68E-08,194,21,0.010347484,
725,12921864,1,5.48E-08,37933,13,5.25E-05,
726,18929046,1,5.66E-09,36,20,0.054132435,
727,10080887,1,9.84E-08,23,25,0.08036991,
728,15596109,1,2.83E-08,87,24,0.021924883,
729,14077277,1,4.21E-08,44,27,0.041185798,
730,4621689,1,3.33E-07,23190,8,8.57E-05,
731,5021063,1,2.98E-07,31,22,0.060438425,
732,11457485,1,7.46E-08,35,16,0.053810577,
733,10159999,1,9.69E-08,76,22,0.027157871,
734,19919047,1,4.07E-10,105,28,0.018779125,
735,11762493,1,7.01E-08,64,23,0.031618405,
736,14613528,1,3.68E-08,40,30,0.048226623,
737,14148895,1,4.14E-08,153,20,0.013422759,
738,12198513,1,6.39E-08,3446,14,0.000587701,
739,8198742,1,1.44E-07,69,26,0.030329004,
740,5213516,1,2.84E-07,114,25,0.017884803,
741,19261107,1,3.84E-09,52,28,0.038633754,
742,17030903,1,1.74E-08,47,27,0.040334627,
743,10052554,1,9.89E-08,2743,17,0.000732795,
744,13096367,1,5.27E-08,121,31,0.017881764,
745,1799249,1,1.01E-06,25,20,0.073684191,
746,15153422,1,3.20E-08,567,19,0.003556664,
747,17558167,1,1.39E-08,49,25,0.041060249,
748,10635584,1,8.81E-08,79,25,0.025303382,
749,16148964,1,2.38E-08,12,30,0.202585012,
750,8103227,1,1.47E-07,66,20,0.02684324,
751,10043015,1,9.91E-08,64,18,0.035772753,
752,15463366,1,2.94E-08,82,23,0.027117392,
753,13946260,1,4.34E-08,43,31,0.042740828,
754,12826343,1,5.59E-08,8,31,0.182643113,
755,15367192,1,3.01E-08,172,25,0.010828989,
756,15832006,1,2.63E-08,47,24,0.049517106,
757,19708497,1,1.48E-09,20,16,0.108190996,
758,17360729,1,1.52E-08,118,25,0.01625806,
759,9804563,1,1.04E-07,80,22,0.026394763,
760,12907479,1,5.50E-08,33,26,0.067332456,
761,13075808,1,5.30E-08,32,29,0.058538232,
762,18985795,1,5.34E-09,330,32,0.006004644,
763,15908016,1,2.57E-08,9,25,0.181344564,
764,2667933,1,6.50E-07,10,13,0.193452652,
765,9459598,1,1.11E-07,36,24,0.063855353,
766,13746151,1,4.55E-08,71,24,0.029784649,
767,17762225,1,1.26E-08,11,32,0.172047641,
768,18620527,1,7.41E-09,74,26,0.024731844,
769,9113458,1,1.19E-07,32,18,0.060899695,
770,9095173,1,1.20E-07,68,31,0.034643861,
771,9663163,1,1.07E-07,57,14,0.031909017,
772,5628571,1,2.55E-07,129,17,0.01501771,
773,15176614,1,3.18E-08,28,24,0.085251147,
774,9518985,1,1.10E-07,67,24,0.031092368,
775,19818585,1,9.14E-10,102,27,0.020045493,
776,18358192,1,8.95E-09,34,27,0.074400934,
777,18247755,1,9.61E-09,19,22,0.092658771,
778,18305627,1,9.26E-09,127,23,0.015520597,
779,19412380,1,3.03E-09,159,29,0.012863949,
780,17995189,1,1.11E-08,117,17,0.01818594,
781,14125764,1,4.16E-08,586,22,0.003567063,
782,17721631,1,1.29E-08,62,25,0.034136599,
783,19883700,1,5.83E-10,80,41,0.025450961,
784,19526565,1,2.43E-09,57,17,0.035804077,
785,8085753,1,1.47E-07,29,26,0.062559445,
786,11232778,1,7.81E-08,59,23,0.035560158,
787,4943175,1,3.05E-07,40,30,0.045927097,
788,19250577,1,3.89E-09,259,30,0.007624923,
789,18347760,1,9.00E-09,133,28,0.01506271,
790,12643219,1,5.82E-08,14,24,0.121327948,
791,11896265,1,6.82E-08,26,22,0.069925579,
792,11577957,1,7.27E-08,23,29,0.086996821,
793,10808439,1,8.50E-08,128,20,0.015895926,
794,10889251,1,8.37E-08,24,25,0.077367062,
795,15039326,1,3.30E-08,33,31,0.060883535,
796,12847334,1,5.57E-08,61,27,0.03584074,
797,19155872,1,4.39E-09,159,26,0.013408417,
798,14655014,1,3.65E-08,225,21,0.008509868,
799,17976349,1,1.13E-08,41,16,0.042447722,
800,1521855,1,1.21E-06,21,21,0.098829469,
801,13585512,1,4.72E-08,26,25,0.07697606,
802,16188847,1,2.35E-08,53,16,0.039757683,
803,11056150,1,8.09E-08,21,17,0.096276223,
804,15953897,1,2.54E-08,54,23,0.039195051,
805,15865780,1,2.61E-08,59,36,0.030065654,
806,13550070,1,4.76E-08,1094,23,0.001847296,
807,19545482,1,2.32E-09,103,21,0.020580322,
808,12153118,1,6.46E-08,42,25,0.048862581,
809,18576995,1,7.66E-09,67,37,0.028990823,
810,9612802,1,1.08E-07,189,25,0.010877834,
811,19606445,1,2.01E-09,567,33,0.003598407,
812,16648127,1,2.01E-08,211,21,0.009940208,
813,3368134,1,4.93E-07,33,20,0.055479818,
814,19984702,1,7.63E-11,21,23,0.096644978,
815,9410617,1,1.12E-07,34,34,0.068675545,
816,16435266,1,2.17E-08,129,22,0.015654395,
817,10517830,1,9.01E-08,106,23,0.019116427,
818,8655378,1,1.31E-07,24,20,0.088330367,
819,4518421,1,3.43E-07,89,20,0.024114658,
820,16016754,1,2.49E-08,30,26,0.063363209,
821,14167067,1,4.12E-08,175,14,0.012290898,
822,17280812,1,1.57E-08,23,24,0.085982715,
823,17255206,1,1.59E-08,78,34,0.027412336,
824,19569820,1,2.19E-09,29,34,0.06211648,
825,10814126,1,8.49E-08,77,27,0.024734242,
826,18354739,1,8.97E-09,43,28,0.042626585,
827,12871971,1,5.54E-08,325,22,0.006261677,
828,18097476,1,1.05E-08,92,22,0.02220318,
829,13820645,1,4.47E-08,17,34,0.111151466,
830,18950897,1,5.54E-09,26,28,0.073044446,
831,12547811,1,5.94E-08,250,23,0.007883205,
832,15424024,1,2.97E-08,28,22,0.079390974,
833,12588822,1,5.89E-08,99,28,0.021412619,
834,16244824,1,2.31E-08,76,17,0.029830604,
835,15064121,1,3.28E-08,822,18,0.002325948,
836,19629278,1,1.89E-09,73,21,0.028396148,
837,8819955,1,1.27E-07,261,21,0.007928699,
838,16361509,1,2.22E-08,24,22,0.098169828,
839,19769860,1,1.17E-09,165,22,0.011842378,
840,19815772,1,9.32E-10,82,27,0.024392449,
841,13207157,1,5.14E-08,963,17,0.002099832,
842,16831664,1,1.88E-08,65,29,0.030797842,
843,17739359,1,1.27E-08,18,33,0.123536259,
844,15686675,1,2.75E-08,58,26,0.035807335,
845,10698943,1,8.69E-08,20,37,0.098992134,
846,10666180,1,8.75E-08,247,22,0.00864355,
847,8480107,1,1.36E-07,470,19,0.004120079,
848,14939968,1,3.39E-08,147,21,0.012794241,
849,7392557,1,1.71E-07,62,22,0.035258131,
850,16562271,1,2.07E-08,62,30,0.030297548,
851,10291409,1,9.43E-08,111,20,0.016709586,
852,19974291,1,1.29E-10,84,17,0.024056313,
853,8792339,1,1.27E-07,301,21,0.006744224,
854,19948722,1,2.58E-10,26,27,0.065314156,
855,17394009,1,1.50E-08,375,21,0.005309639,
856,8725243,1,1.29E-07,187,22,0.011434851,
857,11206768,1,7.84E-08,185,27,0.011676119,
858,8119597,1,1.46E-07,176,20,0.011361263,
859,8514728,1,1.35E-07,44,23,0.043983336,
860,6454208,1,2.10E-07,31,20,0.069548963,
861,18252036,1,9.58E-09,18,33,0.096986324,
862,13020673,1,5.36E-08,48,20,0.038419508,
863,18075873,1,1.06E-08,394,24,0.0048668,
864,13779137,1,4.52E-08,32,34,0.068043219,
865,18393321,1,8.73E-09,133,21,0.016040039,
866,17699275,1,1.30E-08,28,32,0.068247795,
867,16511598,1,2.11E-08,540,23,0.003712649,
868,9026321,1,1.22E-07,94,24,0.01967245,
869,12574473,1,5.90E-08,26,17,0.06782511,
870,12375920,1,6.16E-08,18,24,0.113127708,
871,14898888,1,3.42E-08,98,32,0.020829714,
872,15169310,1,3.18E-08,48,29,0.038431322,
873,17090179,1,1.70E-08,458,17,0.004393607,
874,11803562,1,6.95E-08,1581,21,0.001246312,
875,7166004,1,1.79E-07,111,25,0.017987248,
876,19609428,1,1.99E-09,49,21,0.043330108,
877,14546157,1,3.75E-08,133,27,0.015492699,
878,12200404,1,6.40E-08,44,31,0.045819353,
879,10751702,1,8.60E-08,91,25,0.023571432,
880,19794200,1,1.04E-09,801,22,0.002576355,
881,19094679,1,4.75E-09,25,20,0.083355528,
882,14624563,1,3.68E-08,50,19,0.043995379,
883,10436109,1,9.17E-08,42,23,0.045385526,
884,16784824,1,1.92E-08,259,26,0.007278664,
885,13749148,1,4.55E-08,46,29,0.045088267,
886,10266951,1,9.47E-08,120,39,0.017389966,
887,2085160,1,8.59E-07,50,20,0.03756338,
888,12480431,1,6.02E-08,32,22,0.061728812,
889,11960036,1,6.72E-08,10,21,0.202134088,
890,18481370,1,8.21E-09,426,27,0.004620701,
891,19789212,1,1.07E-09,28,24,0.070109267,
892,18816556,1,6.29E-09,15,24,0.163529023,
893,8354659,1,1.39E-07,36,21,0.068263771,
894,12250876,1,6.32E-08,21,24,0.080453022,
895,12090026,1,6.54E-08,359,14,0.005528469,
896,15439166,1,2.95E-08,316,29,0.006256438,
897,13976087,1,4.31E-08,40,19,0.059544588,
898,19481155,1,2.66E-09,199,23,0.00983815,
899,12139670,1,6.47E-08,13,21,0.150367771,
900,15910033,1,2.57E-08,80,23,0.027850576,
901,14410198,1,3.88E-08,1165,19,0.001704033,
902,17183868,1,1.64E-08,29,27,0.068206585,
903,10671131,1,8.74E-08,175,28,0.01199489,
904,6601177,1,2.03E-07,111,9,0.019349242,
905,17575482,1,1.38E-08,305,21,0.006499345,
906,16052579,1,2.46E-08,516,24,0.003688118,
907,12496645,1,6.01E-08,63,28,0.037281339,
908,9116972,1,1.19E-07,35,30,0.050574425,
909,19557371,1,2.26E-09,46,29,0.049121372,
910,6079135,1,2.29E-07,27,21,0.079456721,
911,10305933,1,9.41E-08,28,29,0.076604344,
912,17093775,1,1.70E-08,200,24,0.010172506,
913,19940001,1,3.02E-10,40,23,0.053906068,
914,18434721,1,8.49E-09,35,31,0.068959146,
915,9804786,1,1.04E-07,58,31,0.034885995,
916,12009855,1,6.65E-08,62,16,0.031946759,
917,11509063,1,7.38E-08,709,23,0.002832331,
918,19767704,1,1.18E-09,22,24,0.082992877,
919,18246872,1,9.62E-09,31,21,0.064451675,
920,7256148,1,1.76E-07,9,24,0.249073155,
921,17968685,1,1.13E-08,71,26,0.029507441,
922,17021079,1,1.75E-08,25,24,0.071205522,
923,12026304,1,6.63E-08,64,34,0.033734306,
924,19207009,1,4.14E-09,72,22,0.026952818,
925,16017841,1,2.49E-08,72,16,0.030602912,
926,17489381,1,1.44E-08,15,27,0.124349097,
927,17764137,1,1.26E-08,15,23,0.125661245,
928,14823264,1,3.49E-08,37,32,0.052863654,
929,10416328,1,9.20E-08,30,30,0.072437495,
930,16070970,1,2.44E-08,37,29,0.053283601,
931,18542651,1,7.86E-09,852,17,0.002336311,
932,5865310,1,2.41E-07,106,20,0.019511796,
933,6648202,1,2.01E-07,33,27,0.059154266,
934,7327272,1,1.73E-07,11,23,0.155337641,
935,19717914,1,1.44E-09,17,21,0.113662457,
936,9658179,1,1.07E-07,48,19,0.046698323,
937,8331336,1,1.40E-07,52,20,0.044984955,
938,8819320,1,1.27E-07,44,27,0.043831664,
939,15683544,1,2.75E-08,47,28,0.043257779,
940,1831849,1,9.92E-07,345,10,0.005834006,
941,4469730,1,3.47E-07,53,24,0.038372592,
942,17427630,1,1.48E-08,203,27,0.009909626,
943,4842200,1,3.13E-07,644,19,0.003069892,
944,17792729,1,1.24E-08,33,32,0.063862365,
945,18875230,1,5.96E-09,57,31,0.035132788,
946,19252583,1,3.89E-09,127,29,0.01518858,
947,18065061,1,1.07E-08,12,26,0.138647604,
948,12388699,1,6.14E-08,100,19,0.020709042,
949,13602555,1,4.70E-08,31,20,0.055999307,
950,10170354,1,9.66E-08,97,18,0.023670021,
951,13604934,1,4.70E-08,18,27,0.111458646,
952,4919853,1,3.07E-07,22,24,0.103882365,
953,1460543,1,1.27E-06,30,25,0.06497241,
954,15388385,1,3.00E-08,34,31,0.058783996,
955,15527895,1,2.88E-08,106,20,0.017290835,
956,4295272,1,3.66E-07,64,24,0.030580617,
957,11212244,1,7.84E-08,175,26,0.012224531,
958,16402869,1,2.19E-08,79,19,0.024564597,
959,8990652,1,1.22E-07,152,19,0.012079726,
960,10441494,1,9.15E-08,209,18,0.010519399,
961,10212181,1,9.59E-08,28,25,0.069552827,
962,15693638,1,2.74E-08,917,35,0.002213057,
963,14690011,1,3.62E-08,34,25,0.064358381,
964,12188072,1,6.41E-08,85,22,0.021895289,
965,9013232,1,1.22E-07,38,27,0.054618286,
966,7583352,1,1.64E-07,88,28,0.024669417,
967,17561741,1,1.39E-08,44,27,0.046760084,
968,15642285,1,2.78E-08,135,30,0.015775116,
969,11199783,1,7.85E-08,49,34,0.044380946,
970,10817201,1,8.49E-08,225,19,0.009171651,
971,17253818,1,1.59E-08,15,22,0.131041441,
972,11002791,1,8.18E-08,19,27,0.103814745,
973,8613094,1,1.32E-07,146,18,0.014559518,
974,15240511,1,3.12E-08,18,32,0.140211808,
975,14883017,1,3.44E-08,127,25,0.0149367,
976,9355948,1,1.14E-07,581,24,0.003396845,
977,10920685,1,8.31E-08,966,14,0.002067213,
978,12831167,1,5.58E-08,133,26,0.014737186,
979,14950916,1,3.38E-08,61,18,0.035830597,
980,3985525,1,4.02E-07,89,14,0.023425421,
981,16594118,1,2.05E-08,142,25,0.015100513,
982,17372224,1,1.51E-08,31,30,0.067636646,
983,12895586,1,5.51E-08,2714,16,0.000752512,
984,15350483,1,3.03E-08,39,28,0.054897982,
985,14958597,1,3.37E-08,17,24,0.121520104,
986,14420585,1,3.87E-08,56,27,0.03898196,
987,6554653,1,2.05E-07,28,24,0.07176593,
988,17084691,1,1.71E-08,105,31,0.019285052,
989,12352530,1,6.19E-08,92,24,0.01974072,
990,16375526,1,2.22E-08,31,20,0.059180819,
991,19795243,1,1.04E-09,33,27,0.057773879,
992,9713803,1,1.06E-07,23,25,0.097269808,
993,14640882,1,3.66E-08,199,23,0.009811442,
994,11437689,1,7.49E-08,19,29,0.100920646,
995,13546787,1,4.76E-08,525,25,0.003838793,
996,18906931,1,5.78E-09,162,30,0.01249228,
997,11458504,1,7.46E-08,103,20,0.01786052,
998,12921274,1,5.48E-08,21,21,0.109518988,
999,14670344,1,3.63E-08,47,22,0.046227891,
1000,14694376,1,3.61E-08,643,19,0.00299222,
1001,19310509,1,3.57E-09,44,28,0.053634181,
1002,6043144,1,2.31E-07,60,25,0.033868167,
1003,16418924,1,2.18E-08,62,27,0.036716157,
1004,15977585,1,2.52E-08,103,27,0.019112593,
1005,9533823,1,1.10E-07,19,23,0.104906359,
1006,12472751,1,6.03E-08,140,28,0.014492325,
1007,9478874,1,1.11E-07,24,28,0.077190156,
1008,16524148,1,2.10E-08,74,26,0.026008426,
1009,19440583,1,2.88E-09,136,25,0.015785811,
1010,18726456,1,6.80E-09,209,25,0.00989062,
1011,13479525,1,4.84E-08,201,16,0.010991808,
1012,17965226,1,1.13E-08,239,24,0.008424527,
1013,16558840,1,2.08E-08,1726,20,0.001151684,
1014,17871177,1,1.19E-08,64,26,0.02916337,
1015,16389113,1,2.20E-08,19,33,0.102328519,
1016,11061155,1,8.08E-08,69,22,0.031173741,
1017,18862299,1,6.04E-09,95,19,0.02168162,
1018,18914859,1,5.74E-09,33,19,0.072995354,
1019,5247810,1,2.81E-07,100,13,0.02032831,
1020,16478319,1,2.14E-08,18,22,0.10023556,
1021,19870129,1,6.54E-10,96,28,0.020312427,
1022,7219286,1,1.77E-07,27,25,0.076024259,
1023,17530250,1,1.41E-08,29,22,0.079895473,
1024,14461636,1,3.83E-08,47,30,0.042261081,
1025,16110471,1,2.41E-08,35,30,0.055663212,
1026,19165532,1,4.36E-09,47,23,0.047792401,
1027,19651896,1,1.77E-09,35,22,0.059462672,
1028,19384221,1,3.17E-09,4974,18,0.000398939,
1029,11098907,1,8.02E-08,218,19,0.008964116,
1030,17240092,1,1.60E-08,242,22,0.008189441,
1031,18962086,1,5.47E-09,137,26,0.014147744,
1032,18190552,1,9.95E-09,1104,22,0.001791953,
1033,16133507,1,2.40E-08,31,21,0.062151409,
1034,13656271,1,4.64E-08,50,20,0.03899608,
1035,19406330,1,3.06E-09,526,17,0.004010506,
1036,19094280,1,4.74E-09,67,27,0.026917452,
1037,3483806,1,4.74E-07,170,22,0.011685458,
1038,7939780,1,1.52E-07,26,20,0.080598789,
1039,14804898,1,3.51E-08,32,30,0.056646819,
1040,16093412,1,2.43E-08,91,26,0.020522242,
1041,17680797,1,1.31E-08,54,28,0.037179468,
1042,4960448,1,3.03E-07,21,21,0.089628532,
1043,18579526,1,7.65E-09,23,14,0.094318337,
1044,18005670,1,1.11E-08,28,26,0.095052428,
1045,13773503,1,4.52E-08,382,22,0.005224968,
1046,12486814,1,6.02E-08,37,30,0.053905441,
1047,14199784,1,4.09E-08,23,18,0.094178351,
1048,10729067,1,8.64E-08,214,25,0.008908549,
1049,18688245,1,7.01E-09,96,27,0.021202836,
1050,19443655,1,2.87E-09,46,26,0.041318082,
1051,15829976,1,2.63E-08,28,27,0.062698697,
1052,14430084,1,3.86E-08,100,32,0.020368552,
1053,16711143,1,1.97E-08,9,20,0.198910446,
1054,288201,1,6.84E-06,18,15,0.112222753,
1055,17253655,1,1.59E-08,139,23,0.014172165,
1056,17247585,1,1.60E-08,13,26,0.153653576,
1057,17770811,1,1.25E-08,50,25,0.03951474,
1058,8366728,1,1.39E-07,30,29,0.07080213,
1059,13513191,1,4.80E-08,179,20,0.011589533,
1060,7514882,1,1.66E-07,82,25,0.023356257,
1061,3950344,1,4.06E-07,179,19,0.010862244,
1062,9337774,1,1.14E-07,50,28,0.037267307,
1063,18142445,1,1.02E-08,105,31,0.018344861,
1064,14374708,1,3.91E-08,18,38,0.085731869,
1065,13910924,1,4.38E-08,317,13,0.006387052,
1066,19639566,1,1.84E-09,176,24,0.011217097,
1067,14670439,1,3.63E-08,49,24,0.042551123,
1068,15763775,1,2.69E-08,37,29,0.047215507,
1069,17719527,1,1.29E-08,31,25,0.059212147,
1070,1484126,1,1.25E-06,31,14,0.076126234,
1071,12014637,1,6.65E-08,67,27,0.027475066,
1072,16236075,1,2.32E-08,34,34,0.053100936,
1073,9326362,1,1.14E-07,58,25,0.032881671,
1074,10953588,1,8.25E-08,14,33,0.133749858,
1075,14929676,1,3.39E-08,7452,12,0.000265216,
1076,14848179,1,3.47E-08,35,20,0.053448922,
1077,11189078,1,7.87E-08,26,22,0.089358646,
1078,7039276,1,1.84E-07,61,18,0.04037537,
1079,13066633,1,5.31E-08,25,31,0.073644968,
1080,4839882,1,3.13E-07,104,21,0.020725749,
1081,10920613,1,8.32E-08,10,23,0.204635394,
1082,17422708,1,1.48E-08,191,21,0.010597133,
1083,8513795,1,1.35E-07,105,12,0.01886394,
1084,17412998,1,1.49E-08,15,30,0.120939559,
1085,5499583,1,2.64E-07,42,29,0.053993345,
1086,17152563,1,1.66E-08,111,20,0.01788438,
1087,14709406,1,3.60E-08,381,28,0.004931838,
1088,4698081,1,3.26E-07,123,26,0.016211452,
1089,5838112,1,2.43E-07,86,20,0.026219281,
1090,10887513,1,8.37E-08,15,30,0.135311728,
1091,10260276,1,9.49E-08,139,21,0.013995723,
1092,13032631,1,5.34E-08,22,34,0.078594142,
1093,19551196,1,2.30E-09,430,26,0.004692578,
1094,16337036,1,2.24E-08,28,29,0.079695585,
1095,19404537,1,3.07E-09,21,20,0.075176555,
1096,18124203,1,1.04E-08,200,18,0.010133085,
1097,3518405,1,4.68E-07,37,21,0.046894998,
1098,10682329,1,8.72E-08,104,20,0.020643407,
1099,16327390,1,2.25E-08,108,24,0.019975666,
1100,17355886,1,1.52E-08,60,21,0.034427544,
1101,7401404,1,1.70E-07,15,22,0.156444011,
1102,11390515,1,7.56E-08,58,19,0.032006437,
1103,14866726,1,3.45E-08,56,28,0.036788997,
1104,10783999,1,8.55E-08,245,29,0.007869002,
1105,11987669,1,6.69E-08,171,33,0.010948764,
1106,18822771,1,6.25E-09,165,24,0.01224667,
1107,5350914,1,2.74E-07,370,13,0.005352533,
1108,13844451,1,4.44E-08,882,21,0.00229757,
1109,15019005,1,3.32E-08,61,27,0.032982234,
1110,11864353,1,6.86E-08,161,24,0.011433139,
1111,15098444,1,3.25E-08,56,28,0.038130242,
1112,7769963,1,1.57E-07,16,31,0.112735879,
1113,18679393,1,7.07E-09,46,25,0.045464646,
1114,18854068,1,6.07E-09,69,23,0.027758154,
1115,13849616,1,4.44E-08,36,29,0.051606403,
1116,8736687,1,1.29E-07,76,21,0.025921504,
1117,16412611,1,2.19E-08,32,27,0.061685379,
1118,19391884,1,3.13E-09,156,23,0.013798637,
1119,17504036,1,1.43E-08,112,29,0.018734015,
1120,2687617,1,6.44E-07,159,21,0.013691703,
1121,19226649,1,4.03E-09,8,25,0.253821727,
1122,1478774,1,1.25E-06,114,24,0.017657471,
1123,19214587,1,4.09E-09,31,25,0.07023711,
1124,5305661,1,2.77E-07,100,22,0.018872047,
1125,11185889,1,7.88E-08,43,25,0.045892384,
1126,18584634,1,7.61E-09,399,20,0.004851797,
1127,17588435,1,1.37E-08,253,25,0.007905903,
1128,18701880,1,6.95E-09,65,29,0.033742536,
1129,10878186,1,8.39E-08,202,28,0.009506858,
1130,13852865,1,4.44E-08,60,30,0.035081754,
1131,10485312,1,9.08E-08,2178,9,0.000928259,
1132,17331357,1,1.54E-08,37,26,0.052963306,
1133,16846434,1,1.87E-08,11740,16,0.000170638,
1134,11970660,1,6.71E-08,64,26,0.026749048,
1135,19623687,1,1.92E-09,20,28,0.100272374,
1136,16687397,1,1.98E-08,82,20,0.025276996,
1137,16251471,1,2.31E-08,56,20,0.036302289,
1138,8418610,1,1.38E-07,11,32,0.161652636,
1139,10282070,1,9.45E-08,249,25,0.008238193,
1140,15873607,1,2.60E-08,22,47,0.080379263,
1141,6511277,1,2.07E-07,56,19,0.033725833,
1142,7004644,1,1.85E-07,102,20,0.017737074,
1143,3504153,1,4.70E-07,36,19,0.046208618,
1144,13926001,1,4.36E-08,36,26,0.05217173,
1145,18650620,1,7.23E-09,240,19,0.008702954,
1146,12436939,1,6.08E-08,302,22,0.006875862,
1147,16952541,1,1.80E-08,36,28,0.048152528,
1148,6319814,1,2.16E-07,58,26,0.035277064,
1149,11446184,1,7.47E-08,207,27,0.009286145,
1150,8397083,1,1.38E-07,42,27,0.047862502,
1151,11291090,1,7.71E-08,341,23,0.00576035,
1152,19753325,1,1.25E-09,77,29,0.028609962,
1153,14765118,1,3.55E-08,59,27,0.033828766,
1154,10448851,1,9.14E-08,128,27,0.01800618,
1155,18731847,1,6.77E-09,506,18,0.003948684,
1156,5994962,1,2.33E-07,72,27,0.028371593,
1157,16142603,1,2.39E-08,68,28,0.029550754,
1158,19703639,1,1.51E-09,92,25,0.023084041,
1159,10004924,1,9.99E-08,165,18,0.013027861,
1160,9885299,1,1.02E-07,79,27,0.026397491,
1161,19714703,1,1.45E-09,31,21,0.078761321,
1162,12687321,1,5.76E-08,73,27,0.024354559,
1163,18726303,1,6.80E-09,115,21,0.017647481,
1164,5951790,1,2.36E-07,91,18,0.022416234,
1165,19325860,1,3.49E-09,78,29,0.024156099,
1166,15543816,1,2.87E-08,273,28,0.007278201,
1167,6751003,1,1.96E-07,45,20,0.047013374,
1168,17266599,1,1.58E-08,52,18,0.034136791,
1169,16156375,1,2.38E-08,131,21,0.015634309,
1170,14795959,1,3.52E-08,199,25,0.009713361,
1171,12971262,1,5.42E-08,41,27,0.044047909,
1172,1945859,1,9.28E-07,49,19,0.046253464,
1173,9856371,1,1.03E-07,162,17,0.012639797,
1174,19674880,1,1.65E-09,34,30,0.050537487,
1175,4793110,1,3.17E-07,20,40,0.086856264,
1176,17015687,1,1.75E-08,59,19,0.036179461,
1177,6310872,1,2.17E-07,36,22,0.055554763,
1178,2745934,1,6.28E-07,64,21,0.027947468,
1179,7959904,1,1.51E-07,35,25,0.068222751,
1180,17118851,1,1.68E-08,33,25,0.071068966,
1181,19336065,1,3.44E-09,32,24,0.079591203,
1182,19242904,1,3.93E-09,458,29,0.004518034,
1183,14345306,1,3.94E-08,192,22,0.010471979,
1184,16149975,1,2.38E-08,125,29,0.016463154,
1185,19226190,1,4.03E-09,47,18,0.045414746,
1186,16926719,1,1.82E-08,124,23,0.015879472,
1187,6402610,1,2.12E-07,174,20,0.011532238,
1188,16399292,1,2.19E-08,202,27,0.009842704,
1189,11445890,1,7.47E-08,12,19,0.186539828,
1190,7271119,1,1.75E-07,239,29,0.008199027,
1191,14501057,1,3.79E-08,29,19,0.065970068,
1192,16032488,1,2.47E-08,105,26,0.018973942,
1193,16110796,1,2.42E-08,110,30,0.01729704,
1194,16848406,1,1.87E-08,307,25,0.006419564,
1195,15926118,1,2.56E-08,65,19,0.028431196,
1196,4687580,1,3.27E-07,15,18,0.115586984,
1197,9511375,1,1.10E-07,107,25,0.018186593,
1198,16846152,1,1.87E-08,717,13,0.002852672,
1199,19373435,1,3.23E-09,9666,15,0.000208393,
1200,11679219,1,7.13E-08,78,19,0.024769713,
1201,18261736,1,9.52E-09,26,27,0.081548488,
1202,13997937,1,4.29E-08,74,30,0.029290539,
1203,14471453,1,3.82E-08,573,23,0.003571006,
1204,19249030,1,3.90E-09,111,22,0.018692081,
1205,6849175,1,1.92E-07,95,25,0.022130461,
1206,18956218,1,5.51E-09,25,38,0.069090368,
1207,17338773,1,1.53E-08,13,18,0.147033964,
1208,8750548,1,1.29E-07,236,21,0.008508203,
1209,1153550,1,1.63E-06,638,23,0.003194803,
1210,19066377,1,4.90E-09,23,26,0.09620442,
1211,15422636,1,2.97E-08,372,22,0.005151586,
1212,14529513,1,3.77E-08,45,31,0.046313037,
1213,14020670,1,4.26E-08,5238,19,0.000385046,
1214,5151566,1,2.88E-07,73,27,0.027709312,
1215,19238105,1,3.96E-09,122,24,0.017108322,
1216,16394606,1,2.20E-08,17,25,0.107072541,
1217,11408453,1,7.53E-08,56,33,0.033158489,
1218,15472556,1,2.93E-08,92,27,0.019859789,
1219,18080673,1,1.06E-08,442,23,0.004684722,
1220,13585324,1,4.72E-08,34,26,0.060848498,
1221,8715872,1,1.29E-07,18,21,0.082948551,
1222,19249513,1,3.90E-09,84,22,0.024164149,
1223,18681016,1,7.06E-09,961,20,0.002086842,
1224,13125230,1,5.24E-08,86,27,0.024138968,
1225,3703355,1,4.40E-07,43,25,0.039867905,
1226,15028014,1,3.31E-08,7072,16,0.000286355,
1227,11388635,1,7.56E-08,40,22,0.057644681,
1228,18005112,1,1.11E-08,56,24,0.035098585,
1229,12673027,1,5.78E-08,2883,14,0.000676948,
1230,13672782,1,4.63E-08,506,21,0.003948308,
1231,16492772,1,2.13E-08,310,29,0.00656488,
1232,15772935,1,2.68E-08,35,19,0.048422472,
1233,8465274,1,1.36E-07,131,21,0.015668157,
1234,12678531,1,5.77E-08,214,29,0.009582238,
1235,3937695,1,4.08E-07,29,25,0.060794615,
1236,18603842,1,7.50E-09,149,22,0.013205543,
1237,13194517,1,5.16E-08,78,25,0.025526035,
1238,5485320,1,2.65E-07,58,21,0.031925382,
1239,18046030,1,1.08E-08,121,22,0.015931652,
1240,14850222,1,3.47E-08,41,24,0.044072151,
1241,18410278,1,8.63E-09,55,22,0.037334323,
1242,17725156,1,1.28E-08,96,25,0.01981987,
1243,18948602,1,5.54E-09,64,22,0.029864398,
1244,17667251,1,1.32E-08,152,22,0.013627085,
1245,5155652,1,2.88E-07,34,15,0.060490066,
1246,16696432,1,1.98E-08,59,32,0.034931327,
1247,10026896,1,9.95E-08,27,31,0.074124919,
1248,12634847,1,5.83E-08,227,32,0.008935294,
1249,17128892,1,1.68E-08,61,19,0.038158874,
1250,8281342,1,1.42E-07,45,25,0.041123665,
1251,11505425,1,7.38E-08,91,31,0.021958139,
1252,8265780,1,1.42E-07,34,27,0.060522025,
1253,14269810,1,4.02E-08,82,29,0.026751336,
1254,15407259,1,2.98E-08,42,23,0.041129469,
1255,14859012,1,3.46E-08,34,31,0.061787572,
1256,11682448,1,7.12E-08,19,22,0.079551911,
1257,8736653,1,1.29E-07,36,24,0.06176388,
1258,7808618,1,1.56E-07,661,12,0.003050503,
1259,13699318,1,4.60E-08,37,33,0.048613988,
1260,16475520,1,2.14E-08,80,23,0.025497046,
1261,19564265,1,2.23E-09,67,21,0.029065341,
1262,18410220,1,8.63E-09,89,28,0.022838233,
1263,10272778,1,9.47E-08,2141,20,0.000933126,
1264,19622586,1,1.92E-09,43,15,0.047537064,
1265,19361568,1,3.30E-09,2293,15,0.000900027,
1266,6972655,1,1.87E-07,138,27,0.013793716,
1267,15813018,1,2.65E-08,232,19,0.008391221,
1268,3506333,1,4.70E-07,177,16,0.011646282,
1269,4070509,1,3.91E-07,26,22,0.082840557,
1270,6731734,1,1.97E-07,153,19,0.01260599,
1271,19174135,1,4.30E-09,10,28,0.175525586,
1272,7599433,1,1.63E-07,45,18,0.043972714,
1273,14560523,1,3.73E-08,40,35,0.047967705,
1274,2841867,1,6.04E-07,189,28,0.010306919,
1275,4728383,1,3.23E-07,110,23,0.019904738,
1276,17469154,1,1.45E-08,39,22,0.052580616,
1277,16718297,1,1.96E-08,129,28,0.015899026,
1278,13170020,1,5.19E-08,190,33,0.010536307,
1279,6312908,1,2.17E-07,167,16,0.012224311,
1280,18997791,1,5.27E-09,100,28,0.020942031,
1281,15687668,1,2.75E-08,33,35,0.079497172,
1282,16915665,1,1.82E-08,26,29,0.077978695,
1283,19208240,1,4.11E-09,42,34,0.048340703,
1284,17917220,1,1.16E-08,26,28,0.074752764,
1285,16482339,1,2.13E-08,123,26,0.016785686,
1286,19999262,1,3.55E-12,76,25,0.025199366,
1287,10336823,1,9.35E-08,53,32,0.039735165,
1288,16183729,1,2.36E-08,93,20,0.021554159,
1289,2970129,1,5.73E-07,23,18,0.11620519,
1290,5012178,1,2.99E-07,46,20,0.041044119,
1291,11237974,1,7.80E-08,41,20,0.05152528,
1292,18613713,1,7.45E-09,40,31,0.048394012,
1293,6103520,1,2.28E-07,489,24,0.004131066,
1294,6054669,1,2.30E-07,1955,16,0.001024193,
1295,7953984,1,1.51E-07,40,21,0.043823863,
1296,14802506,1,3.51E-08,38,22,0.05651204,
1297,19286392,1,3.69E-09,243,18,0.007654057,
1298,17104480,1,1.69E-08,140,20,0.013822174,
1299,6381058,1,2.13E-07,72,35,0.030082873,
1300,2712785,1,6.38E-07,486,23,0.003990031,
1301,14518876,1,3.77E-08,350,25,0.005596145,
1302,17378812,1,1.51E-08,29,27,0.084090207,
1303,17742743,1,1.27E-08,661,31,0.003015426,
1304,6026411,1,2.32E-07,25,14,0.092767936,
1305,16698862,1,1.98E-08,29,20,0.062853966,
1306,12521913,1,5.97E-08,50,26,0.040704942,
1307,15531539,1,2.88E-08,17,23,0.143544862,
1308,18768063,1,6.57E-09,38,32,0.050346202,
1309,15007505,1,3.33E-08,46,20,0.040366203,
1310,10996430,1,8.19E-08,83,24,0.020728389,
1311,10789585,1,8.54E-08,22,30,0.127467205,
1312,14114430,1,4.17E-08,92,30,0.021440975,
1313,12626566,1,5.84E-08,59,20,0.036335089,
1314,17293907,1,1.56E-08,63,25,0.033246265,
1315,4340524,1,3.61E-07,26,20,0.067545136,
1316,6495263,1,2.08E-07,45,23,0.039543399,
1317,11186229,1,7.88E-08,394,23,0.005210587,
1318,8128865,1,1.46E-07,2812,24,0.000706269,
1319,11486394,1,7.41E-08,32,22,0.070780304,
1320,15458824,1,2.94E-08,36,27,0.05076069,
1321,14087074,1,4.19E-08,178,27,0.01193201,
1322,16943380,1,1.81E-08,47,28,0.046509174,
1323,5395378,1,2.71E-07,27,27,0.071771211,
1324,13695313,1,4.60E-08,104,18,0.018427088,
1325,17983061,1,1.12E-08,64,25,0.035500107,
1326,15705560,1,2.73E-08,399,19,0.004993231,
1327,17950379,1,1.14E-08,253,24,0.007991394,
1328,11805177,1,6.94E-08,56,17,0.036008462,
1329,6178170,1,2.24E-07,76,21,0.02487538,
1330,13658649,1,4.64E-08,55,26,0.03847616,
1331,19094927,1,4.74E-09,113,29,0.017781678,
1332,17939261,1,1.15E-08,37,26,0.053362919,
1333,19966166,1,1.68E-10,2245,17,0.000904018,
1334,16376802,1,2.21E-08,129,37,0.016039682,
1335,14200298,1,4.09E-08,63,31,0.035402676,
1336,16473658,1,2.14E-08,30,25,0.071740368,
1337,18470651,1,8.27E-09,313,30,0.006228398,
1338,13041867,1,5.33E-08,888,16,0.0022671,
1339,14983416,1,3.35E-08,69,25,0.026576772,
1340,10337704,1,9.35E-08,177,22,0.011356073,
1341,6102132,1,2.28E-07,92,30,0.022608341,
1342,14312946,1,3.97E-08,56,16,0.035613254,
1343,15963993,1,2.53E-08,15,26,0.119883323,
1344,15213362,1,3.15E-08,25,31,0.067856134,
1345,12644883,1,5.82E-08,11,24,0.148100772,
1346,9749785,1,1.05E-07,21,21,0.121298534,
1347,17840396,1,1.21E-08,102,20,0.020072597,
1348,13864953,1,4.42E-08,29,24,0.064325376,
1349,17814855,1,1.23E-08,60,22,0.032091436,
1350,19620870,1,1.93E-09,187,25,0.010394215,
1351,14373752,1,3.91E-08,198,23,0.010304748,
1352,17150663,1,1.66E-08,2827,14,0.000694722,
1353,16157233,1,2.38E-08,139,24,0.014852981,
1354,8641146,1,1.31E-07,76,21,0.029905717,
1355,6098209,1,2.28E-07,48,19,0.0375859,
1356,11518294,1,7.36E-08,32,20,0.058656934,
1357,17588824,1,1.37E-08,28,26,0.0679897,
1358,10481857,1,9.08E-08,113,27,0.01706083,
1359,18949621,1,5.55E-09,201,28,0.010095114,
1360,12653510,1,5.80E-08,216,23,0.008991326,
1361,8123221,1,1.46E-07,185,25,0.011062645,
1362,16504972,1,2.12E-08,1455,16,0.00140759,
1363,17608155,1,1.36E-08,112,22,0.018423601,
1364,4503308,1,3.44E-07,55,19,0.03376512,
1365,15758474,1,2.69E-08,71,29,0.027771511,
1366,15324681,1,3.05E-08,22,18,0.106857481,
1367,11516973,1,7.36E-08,37,28,0.053399996,
1368,18907937,1,5.77E-09,316,23,0.00600564,
1369,8407448,1,1.38E-07,72,21,0.028488252,
1370,5678244,1,2.52E-07,15,20,0.11426549,
1371,17308014,1,1.56E-08,25,21,0.080396589,
1372,19807380,1,9.72E-10,108,20,0.02049153,
1373,19587716,1,2.10E-09,149,24,0.012814453,
1374,19089728,1,4.76E-09,90,21,0.023473433,
1375,15652040,1,2.78E-08,70,23,0.030121865,
1376,5161292,1,2.88E-07,231,17,0.008713864,
1377,1593659,1,1.16E-06,96,23,0.021074595,
1378,8761564,1,1.28E-07,1124,24,0.001764673,
1379,18777807,1,6.51E-09,60,23,0.033377467,
1380,18890223,1,5.87E-09,107,24,0.01662414,
1381,13425533,1,4.90E-08,29,23,0.066736613,
1382,13013084,1,5.37E-08,236,24,0.0084247,
1383,10553272,1,8.95E-08,716,14,0.002844039,
1384,15681063,1,2.75E-08,28,26,0.07895878,
1385,14486072,1,3.81E-08,88,25,0.023684101,
1386,17204482,1,1.63E-08,313,23,0.006513535,
1387,12913480,1,5.49E-08,38,24,0.058539479,
1388,14136465,1,4.15E-08,46,21,0.041250575,
1389,14020639,1,4.26E-08,59,27,0.034615557,
1390,10264781,1,9.48E-08,56,10,0.042373743,
1391,14203841,1,4.08E-08,37,20,0.061789242,
1392,11972281,1,6.70E-08,35,19,0.06177822,
1393,9090292,1,1.20E-07,676,24,0.002962942,
1394,10817019,1,8.49E-08,37,25,0.052486748,
1395,19211850,1,4.10E-09,63,23,0.028519092,
1396,12298409,1,6.26E-08,315,22,0.006367585,
1397,15418801,1,2.97E-08,161,26,0.011973764,
1398,16716513,1,1.96E-08,164,28,0.011587104,
1399,19141536,1,4.49E-09,26,22,0.083403469,
1400,19912711,1,4.38E-10,60,29,0.032834114,
1401,18046755,1,1.08E-08,134,23,0.015348133,
1402,13660269,1,4.64E-08,15,20,0.129999112,
1403,8992271,1,1.22E-07,244,27,0.008114645,
1404,7266092,1,1.75E-07,40,16,0.047867048,
1405,1022828,1,1.85E-06,52,29,0.036357179,
1406,14112958,1,4.17E-08,175,29,0.010485029,
1407,14834443,1,3.48E-08,82,18,0.024236699,
1408,11032689,1,8.13E-08,27,23,0.079566042,
1409,13076415,1,5.29E-08,81,29,0.025587938,
1410,10051760,1,9.90E-08,120,28,0.017631723,
1411,4716596,1,3.24E-07,63,26,0.036303774,
1412,12655968,1,5.80E-08,23,23,0.098813137,
1413,12706991,1,5.74E-08,19,28,0.106826643,
1414,18712650,1,6.89E-09,64,31,0.033547564,
1415,18580356,1,7.64E-09,57,30,0.034412234,
1416,7736041,1,1.59E-07,57,17,0.036844816,
1417,9811316,1,1.04E-07,52,20,0.040026156,
1418,16702154,1,1.98E-08,34,24,0.060840809,
1419,19173501,1,4.31E-09,320,24,0.006292229,
1420,11719557,1,7.07E-08,304,16,0.006794003,
1421,8336588,1,1.40E-07,33,22,0.065126496,
1422,17088410,1,1.70E-08,57,20,0.032162757,
1423,19214164,1,4.09E-09,13,25,0.163677572,
1424,12978640,1,5.41E-08,37,26,0.050237552,
1425,16693717,1,1.98E-08,32,29,0.067628799,
1426,16516617,1,2.11E-08,32,28,0.08288824,
1427,14295967,1,3.99E-08,30,22,0.068963859,
1428,14228796,1,4.06E-08,16,32,0.102988288,
1429,11343434,1,7.63E-08,46,20,0.043947107,
1430,15274688,1,3.09E-08,204,19,0.009907907,
1431,18647751,1,7.24E-09,545,24,0.003678578,
1432,19950718,1,2.49E-10,33,25,0.057509736,
1433,19689286,1,1.58E-09,27,28,0.070176042,
1434,2560006,1,6.81E-07,611,10,0.003224366,
1435,16704149,1,1.97E-08,275,16,0.007264901,
1436,13260444,1,5.09E-08,86,28,0.023234001,
1437,6768073,1,1.95E-07,14,32,0.135638013,
1438,17573225,1,1.38E-08,204,22,0.0097077,
1439,13008505,1,5.37E-08,57,27,0.032450596,
1440,18071868,1,1.07E-08,154,24,0.013030156,
1441,10860433,1,8.41E-08,155,26,0.012926725,
1442,2541315,1,6.87E-07,1400,18,0.001460532,
1443,13218092,1,5.13E-08,17,20,0.101519268,
1444,16971591,1,1.79E-08,80,36,0.023727524,
1445,7922996,1,1.52E-07,32,21,0.063213199,
1446,13762973,1,4.53E-08,27,25,0.080253565,
1447,13860708,1,4.43E-08,59,24,0.038998674,
1448,3637949,1,4.50E-07,66,24,0.031701541,
1449,15293301,1,3.08E-08,104,26,0.020418014,
1450,9961858,1,1.01E-07,17,27,0.104254982,
1451,9688447,1,1.06E-07,23,23,0.082600044,
1452,12593711,1,5.88E-08,265,15,0.007860566,
1453,16901924,1,1.83E-08,1517,21,0.001327586,
1454,11159670,1,7.92E-08,11,23,0.235378822,
1455,14043981,1,4.24E-08,27,19,0.085291203,
1456,18291473,1,9.34E-09,100,25,0.020025887,
1457,17183096,1,1.64E-08,38,27,0.055162514,
1458,9972598,1,1.01E-07,12,18,0.169563484,
1459,19299451,1,3.63E-09,119,29,0.016552471,
1460,8892750,1,1.25E-07,30,29,0.065168075,
1461,7007286,1,1.85E-07,39,22,0.049792289,
1462,10673983,1,8.74E-08,54,35,0.039950292,
1463,14743142,1,3.56E-08,1195,14,0.001655093,
1464,8456523,1,1.36E-07,22,25,0.103323383,
1465,14863012,1,3.46E-08,114,23,0.017620803,
1466,10826486,1,8.47E-08,96,26,0.020365561,
1467,13132311,1,5.23E-08,84,18,0.023545203,
1468,14689909,1,3.62E-08,43,23,0.044800576,
1469,12795561,1,5.63E-08,1028,18,0.002017339,
1470,13339693,1,5.00E-08,28,33,0.067758938,
1471,13236428,1,5.11E-08,57,19,0.031329903,
1472,15501757,1,2.90E-08,174,22,0.011827132,
1473,10607408,1,8.85E-08,21,27,0.097400066,
1474,9659347,1,1.07E-07,21,20,0.069340713,
1475,12011235,1,6.65E-08,26,22,0.080018331,
1476,17930470,1,1.15E-08,326,22,0.0059341,
1477,7464858,1,1.68E-07,31,28,0.064288076,
1478,19732212,1,1.36E-09,146,17,0.013412099,
1479,18287753,1,9.36E-09,55,16,0.035437743,
1480,18084911,1,1.06E-08,4231,20,0.000470089,
1481,10699116,1,8.69E-08,224,16,0.008838073,
1482,9290397,1,1.15E-07,123,26,0.016096125,
1483,14322242,1,3.96E-08,5,34,0.222967906,
1484,17410246,1,1.49E-08,218,16,0.009952121,
1485,5162416,1,2.88E-07,106,26,0.020665421,
1486,19230480,1,4.01E-09,17,25,0.12468978,
1487,15039200,1,3.30E-08,333,19,0.006262835,
1488,11158322,1,7.93E-08,38,25,0.054092491,
1489,16540372,1,2.09E-08,124,29,0.01631562,
1490,16024596,1,2.48E-08,20,30,0.09729956,
1491,7473970,1,1.68E-07,73,21,0.026463712,
1492,7659955,1,1.61E-07,13,30,0.132201546,
1493,699110,1,2.76E-06,196,16,0.010442309,
1494,18969297,1,5.43E-09,300,24,0.006448499,
1495,15228011,1,3.13E-08,37,23,0.054780677,
1496,18561691,1,7.75E-09,99,21,0.020351022,
1497,17324905,1,1.55E-08,368,31,0.005491318,
1498,14554619,1,3.74E-08,94,26,0.022132541,
1499,18535221,1,7.91E-09,124,19,0.01772096,
